 TIME                    	time                     	freq                     	Toa                      	Tr                       	RHr                      	Ts-exp                   	Ts-sim                   	RHs-exp                  	RHs-sim                  	Pel-exp                  	Pel-sim                  	Qc-exp                   	Qc-sim                   	Qcs-exp                  	Qcs-sim                  	Qcl-exp                  	Qcl-sim                  	
  +0.0000000000000000E+00	  +6.0000000000000000E+01	  +5.3814000000000000E+01	  +4.1524000000000001E+01	  +2.5384000000000000E+01	  +3.9826000000000001E+01	  +1.3465000000000000E+01	  +1.3134627248657752E+01	  +6.2863000000000000E+01	  +6.2849417447738276E+01	  +8.6231999999999998E-01	  +8.9459602640842095E-01	  +3.5315288888888889E+00	  +3.6617668237230689E+00	  +2.4780863888888893E+00	  +2.5452710844085695E+00	  +1.0534425000000001E+00	  +1.1164957393144994E+00
  +1.6666666666666666E-02	  +6.0000000000000000E+01	  +5.3814000000000000E+01	  +4.1524000000000001E+01	  +2.5384000000000000E+01	  +3.9826000000000001E+01	  +1.3465000000000000E+01	  +1.3134627248657752E+01	  +6.2863000000000000E+01	  +6.2849417447738276E+01	  +8.6231999999999998E-01	  +8.9459602640842095E-01	  +3.5315288888888889E+00	  +3.6617668237230689E+00	  +2.4780863888888893E+00	  +2.5452710844085695E+00	  +1.0534425000000001E+00	  +1.1164957393144994E+00	
  +3.3333333333333333E-02	  +1.2000000000000000E+02	  +5.2259999999999998E+01	  +4.1503999999999998E+01	  +2.5358000000000001E+01	  +6.6013999999999996E+01	  +1.3430999999999999E+01	  +1.4586553851403298E+01	  +7.1114999999999995E+01	  +5.9614493980322571E+01	  +8.5424361111111113E-01	  +8.5950404831278193E-01	  +3.5168744444444444E+00	  +3.5681826393942306E+00	  +1.4714516666666666E+00	  +1.3268688266930946E+00	  +2.0454227777777776E+00	  +2.2413138127011361E+00	
  +5.0000000000000003E-02	  +1.8000000000000000E+02	  +5.3216000000000001E+01	  +4.1680999999999997E+01	  +2.5428000000000001E+01	  +5.6597999999999999E+01	  +1.3439000000000000E+01	  +1.0940316719064304E+01	  +4.9871000000000002E+01	  +6.7837301370938761E+01	  +8.6716277777777784E-01	  +8.8152696784842111E-01	  +3.5482158333333333E+00	  +3.6206579393464877E+00	  +1.4668286111111111E+00	  +1.7745540612519282E+00	  +2.0813872222222223E+00	  +1.8461038780945596E+00	
  +6.6666666666666666E-02	  +2.4000000000000000E+02	  +5.4505000000000003E+01	  +4.1003000000000000E+01	  +2.5501999999999999E+01	  +4.9113000000000000E+01	  +1.3539000000000000E+01	  +1.1627829765103503E+01	  +6.1156999999999996E+01	  +7.1596901877292154E+01	  +8.4879472222222219E-01	  +9.1005447647418547E-01	  +3.5210338888888888E+00	  +3.7387499553941610E+00	  +1.8857927777777779E+00	  +2.1871735663832044E+00	  +1.6352413888888888E+00	  +1.5515763890109562E+00	
  +8.3333333333333329E-02	  +3.0000000000000000E+02	  +5.3548000000000002E+01	  +4.1003999999999998E+01	  +2.5446000000000002E+01	  +3.8597000000000001E+01	  +1.3446000000000000E+01	  +1.4712640256514243E+01	  +7.1108999999999995E+01	  +5.8351017624606364E+01	  +8.6525638888888878E-01	  +8.8827128485533835E-01	  +3.5304180555555553E+00	  +3.6705590332246527E+00	  +2.9174694444444444E+00	  +2.6050585911299353E+00	  +6.1294861111111110E-01	  +1.0655004420947174E+00	
  +1.0000000000000001E-01	  +3.6000000000000000E+02	  +5.3826999999999998E+01	  +4.1082000000000001E+01	  +2.5497000000000000E+01	  +5.4843000000000004E+01	  +1.3459000000000000E+01	  +1.1461036918258873E+01	  +5.8787999999999997E+01	  +6.9941311570377550E+01	  +8.5708444444444443E-01	  +8.9486526225142837E-01	  +3.5135211111111109E+00	  +3.6922276530486196E+00	  +1.6236402777777776E+00	  +1.8934259501205897E+00	  +1.8898808333333332E+00	  +1.7988017029280301E+00	
  +1.1666666666666667E-01	  +4.2000000000000000E+02	  +5.3719000000000001E+01	  +4.0948000000000000E+01	  +2.5463000000000001E+01	  +5.5853000000000002E+01	  +1.3551000000000000E+01	  +9.7020661336623224E+00	  +3.9777000000000001E+01	  +6.8318117063173091E+01	  +8.4305944444444447E-01	  +8.9213678407578956E-01	  +3.6210725000000004E+00	  +3.6910061599843691E+00	  +1.3914375000000001E+00	  +1.8449843564680031E+00	  +2.2296350000000000E+00	  +1.8460218035163660E+00	
  +1.3333333333333333E-01	  +4.8000000000000000E+02	  +5.4482999999999997E+01	  +4.0856999999999999E+01	  +2.5416000000000000E+01	  +6.1363000000000000E+01	  +1.3579000000000001E+01	  +1.3886357233180130E+01	  +7.1054000000000002E+01	  +6.4831602730959986E+01	  +8.4830305555555563E-01	  +9.0905115991939844E-01	  +3.6307800000000001E+00	  +3.7449906892070652E+00	  +1.6557725000000001E+00	  +1.6107617566038139E+00	  +1.9750075000000000E+00	  +2.1342289326032513E+00	
  +1.4999999999999999E-01	  +5.4000000000000000E+02	  +5.3281999999999996E+01	  +4.1268000000000001E+01	  +2.5466000000000001E+01	  +5.6485999999999997E+01	  +1.3685000000000000E+01	  +1.2988286810460508E+01	  +6.0536999999999999E+01	  +6.8569513949506927E+01	  +8.5375805555555551E-01	  +8.8268214392140332E-01	  +3.7302419444444443E+00	  +3.6469172314241742E+00	  +1.6936305555555555E+00	  +1.7948624656659005E+00	  +2.0366113888888888E+00	  +1.8520547657582738E+00	
  +1.6666666666666666E-01	  +6.0000000000000000E+02	  +5.2893999999999998E+01	  +4.1235999999999997E+01	  +2.5452000000000002E+01	  +6.2613000000000000E+01	  +1.3743000000000000E+01	  +1.1702583253266496E+01	  +3.9253999999999998E+01	  +5.9207463278805314E+01	  +8.6343416666666661E-01	  +8.7385546882887233E-01	  +3.7458652777777779E+00	  +3.6249106810447542E+00	  +1.2776650000000001E+00	  +1.5034433820023962E+00	  +2.4682002777777781E+00	  +2.1214672990423584E+00	
  +1.8333333333333332E-01	  +6.6000000000000000E+02	  +5.2781999999999996E+01	  +4.0945000000000000E+01	  +2.5413000000000000E+01	  +6.0408999999999999E+01	  +1.3616000000000000E+01	  +1.4560816235423552E+01	  +7.1055999999999997E+01	  +6.6125836939242916E+01	  +8.4719138888888890E-01	  +8.7077939091428547E-01	  +3.7515861111111111E+00	  +3.6297614684728203E+00	  +1.7444258333333333E+00	  +1.6039217598306097E+00	  +2.0071602777777779E+00	  +2.0258397086422106E+00	
  +2.0000000000000001E-01	  +7.2000000000000000E+02	  +5.1716999999999999E+01	  +4.0957000000000001E+01	  +2.5381000000000000E+01	  +6.5060000000000002E+01	  +1.3555000000000000E+01	  +1.4337380515218495E+01	  +6.1018999999999998E+01	  +6.0618213899688186E+01	  +8.4457555555555563E-01	  +8.4660621475578945E-01	  +3.7490622222222223E+00	  +3.5601947257316269E+00	  +1.4625808333333334E+00	  +1.3661136766430111E+00	  +2.2864813888888889E+00	  +2.1940810490886160E+00	
  +2.1666666666666667E-01	  +7.8000000000000000E+02	  +5.3930999999999997E+01	  +4.0585000000000001E+01	  +2.5410000000000000E+01	  +6.5727000000000004E+01	  +1.3526999999999999E+01	  +1.2431355384696280E+01	  +4.4994000000000000E+01	  +5.3987975336551273E+01	  +8.5456055555555555E-01	  +8.9626424720300746E-01	  +3.7518238888888891E+00	  +3.7232242853982886E+00	  +1.2822177777777779E+00	  +1.4013712758153478E+00	  +2.4696061111111112E+00	  +2.3218530095829406E+00	
  +2.3333333333333334E-01	  +8.4000000000000000E+02	  +5.3246000000000002E+01	  +4.0484999999999999E+01	  +2.5388999999999999E+01	  +6.5899000000000001E+01	  +1.3448000000000000E+01	  +1.4829653510516778E+01	  +7.1046999999999997E+01	  +6.0631427012323002E+01	  +8.4063388888888890E-01	  +8.8055462858045142E-01	  +3.7239547222222220E+00	  +3.6827635272346235E+00	  +1.5591025000000001E+00	  +1.3771953283407905E+00	  +2.1648522222222222E+00	  +2.3055681988938330E+00	
  +2.5000000000000000E-01	  +9.0000000000000000E+02	  +5.3424999999999997E+01	  +4.0064999999999998E+01	  +2.5329999999999998E+01	  +5.7127000000000002E+01	  +1.3368000000000000E+01	  +1.1614681568162382E+01	  +5.3762000000000000E+01	  +6.6895971430376761E+01	  +8.2821416666666670E-01	  +8.8376595877192976E-01	  +3.6736752777777779E+00	  +3.7116785831308032E+00	  +1.5592838888888887E+00	  +1.7893619866431210E+00	  +2.1143913888888890E+00	  +1.9223165964876823E+00	
  +2.6666666666666666E-01	  +9.6000000000000000E+02	  +5.1725000000000001E+01	  +4.0201000000000001E+01	  +2.5263000000000002E+01	  +3.5021000000000001E+01	  +1.3222000000000000E+01	  +1.4323680311144335E+01	  +6.2552000000000000E+01	  +5.4575700755265821E+01	  +8.4567833333333331E-01	  +8.4493669534586446E-01	  +3.6229441666666666E+00	  +3.5754774386407089E+00	  +2.9413830555555553E+00	  +2.6695936874830206E+00	  +6.8156111111111106E-01	  +9.0588375115768816E-01	
  +2.8333333333333333E-01	  +1.0200000000000000E+03	  +5.3395000000000003E+01	  +4.0222999999999999E+01	  +2.5245000000000001E+01	  +5.1938000000000002E+01	  +1.3313000000000001E+01	  +1.3813564770920197E+01	  +7.1072999999999993E+01	  +6.7487071242558144E+01	  +8.4739666666666669E-01	  +8.8282852098496256E-01	  +3.7332558333333332E+00	  +3.6940111620514706E+00	  +2.1031080555555555E+00	  +2.0138459952888521E+00	  +1.6301475000000001E+00	  +1.6801651667626185E+00	
  +2.9999999999999999E-01	  +1.0800000000000000E+03	  +5.3447000000000003E+01	  +4.0247999999999998E+01	  +2.5236000000000001E+01	  +5.6210999999999999E+01	  +1.3382999999999999E+01	  +1.1427812983432508E+01	  +4.9369999999999997E+01	  +6.6944897046472676E+01	  +8.4265500000000004E-01	  +8.8399658678857163E-01	  +3.7491963888888891E+00	  +3.6995443183170136E+00	  +1.5595563888888890E+00	  +1.8195481897479078E+00	  +2.1896397222222221E+00	  +1.8799961285691056E+00	
  +3.1666666666666665E-01	  +1.1400000000000000E+03	  +5.3213000000000001E+01	  +4.0481000000000002E+01	  +2.5335999999999999E+01	  +6.5650999999999996E+01	  +1.3362000000000000E+01	  +1.4100935333251526E+01	  +6.2521000000000001E+01	  +5.8974140437143404E+01	  +8.3417416666666666E-01	  +8.7952499858726818E-01	  +3.7602669444444441E+00	  +3.6784824032324033E+00	  +1.4762791666666666E+00	  +1.3846671328569740E+00	  +2.2839877777777775E+00	  +2.2938152703754295E+00	
  +3.3333333333333331E-01	  +1.2000000000000000E+03	  +5.3341000000000001E+01	  +4.0380000000000003E+01	  +2.5286000000000001E+01	  +6.2694000000000003E+01	  +1.3365000000000000E+01	  +1.4456349016553908E+01	  +7.1064999999999998E+01	  +6.3497036460647912E+01	  +8.4407027777777777E-01	  +8.8203122023859659E-01	  +3.7546869444444444E+00	  +3.6895395510248705E+00	  +1.6750002777777779E+00	  +1.5204221114373946E+00	  +2.0796866666666669E+00	  +2.1691174395874766E+00	
  +3.4999999999999998E-01	  +1.2600000000000000E+03	  +5.3847000000000001E+01	  +3.9959000000000003E+01	  +2.5265000000000001E+01	  +5.6183000000000000E+01	  +1.3329000000000001E+01	  +1.1595787961850197E+01	  +5.3223999999999997E+01	  +6.7263326562404103E+01	  +8.4265527777777782E-01	  +8.9345096931789458E-01	  +3.7378744444444445E+00	  +3.7449705746935189E+00	  +1.6095950000000001E+00	  +1.8451814194201948E+00	  +2.1282791666666667E+00	  +1.8997891552733239E+00	
  +3.6666666666666664E-01	  +1.3200000000000000E+03	  +5.2499000000000002E+01	  +4.0710999999999999E+01	  +2.5318999999999999E+01	  +4.9417000000000002E+01	  +1.3337000000000000E+01	  +1.1335021445085806E+01	  +4.9276000000000003E+01	  +7.0616411621941950E+01	  +8.3860972222222219E-01	  +8.6358219389383473E-01	  +3.7693997222222224E+00	  +3.6118724028820433E+00	  +1.7841297222222223E+00	  +2.0862311108063305E+00	  +1.9852699999999999E+00	  +1.5256412920757132E+00	
  +3.8333333333333336E-01	  +1.3800000000000000E+03	  +5.2881999999999998E+01	  +4.0598999999999997E+01	  +2.5364000000000001E+01	  +5.2222000000000001E+01	  +1.3526999999999999E+01	  +1.4241505899783727E+01	  +7.1061999999999998E+01	  +6.7636871870799425E+01	  +8.4406694444444441E-01	  +8.7233530866686693E-01	  +3.7727841666666664E+00	  +3.6468501047108344E+00	  +2.1082947222222224E+00	  +1.9803356911439096E+00	  +1.6644894444444445E+00	  +1.6665144135669250E+00	
  +4.0000000000000002E-01	  +1.4400000000000000E+03	  +5.3276000000000003E+01	  +4.0850000000000001E+01	  +2.5428999999999998E+01	  +5.6905999999999999E+01	  +1.3439000000000000E+01	  +1.3208318444241318E+01	  +6.3832999999999998E+01	  +6.8116585659988843E+01	  +8.5678694444444448E-01	  +8.8187991923809528E-01	  +3.7556397222222220E+00	  +3.6662260057820499E+00	  +1.7492758333333334E+00	  +1.7834207303577634E+00	  +2.0063638888888891E+00	  +1.8828052754242861E+00	
  +4.1666666666666669E-01	  +1.5000000000000000E+03	  +5.3942000000000000E+01	  +4.0627000000000002E+01	  +2.5500000000000000E+01	  +6.4495999999999995E+01	  +1.3545000000000000E+01	  +1.1567971470516985E+01	  +3.9064000000000000E+01	  +5.4678391296872221E+01	  +8.4063083333333344E-01	  +8.9698493425563930E-01	  +3.7544922222222223E+00	  +3.7255108653121303E+00	  +1.2525441666666666E+00	  +1.4616508657551761E+00	  +2.5019483333333330E+00	  +2.2638599995569542E+00	
  +4.3333333333333335E-01	  +1.5600000000000000E+03	  +5.1938000000000002E+01	  +4.0609000000000002E+01	  +2.5442000000000000E+01	  +6.6040000000000006E+01	  +1.3478999999999999E+01	  +1.5202181544891546E+01	  +7.1064999999999998E+01	  +6.1391689778760430E+01	  +8.3891861111111110E-01	  +8.5145189262797016E-01	  +3.7527047222222221E+00	  +3.5941796379811941E+00	  +1.5649363888888888E+00	  +1.3384882929305046E+00	  +2.1877683333333335E+00	  +2.2556913450506895E+00	
  +4.5000000000000001E-01	  +1.6200000000000000E+03	  +5.3329000000000001E+01	  +4.0716000000000001E+01	  +2.5446999999999999E+01	  +6.5972999999999999E+01	  +1.3372000000000000E+01	  +1.3990300949817639E+01	  +6.4079999999999998E+01	  +5.8599018275815837E+01	  +8.5577333333333339E-01	  +8.8300447076771937E-01	  +3.6752866666666666E+00	  +3.6793728286030984E+00	  +1.4500205555555554E+00	  +1.3745606188410213E+00	  +2.2252661111111109E+00	  +2.3048122097620771E+00	
  +4.6666666666666667E-01	  +1.6800000000000000E+03	  +5.2284999999999997E+01	  +4.0680000000000000E+01	  +2.5385000000000002E+01	  +5.7270000000000003E+01	  +1.3535000000000000E+01	  +1.0813121571476966E+01	  +3.9729999999999997E+01	  +6.6642583856249814E+01	  +8.3801194444444438E-01	  +8.5906192912280699E-01	  +3.7515419444444444E+00	  +3.6085954582304227E+00	  +1.4085377777777777E+00	  +1.7365927949296411E+00	  +2.3430041666666668E+00	  +1.8720026633007816E+00	
  +4.8333333333333334E-01	  +1.7400000000000000E+03	  +5.4058000000000000E+01	  +4.0777000000000001E+01	  +2.5434000000000001E+01	  +4.3668999999999997E+01	  +1.3545999999999999E+01	  +1.4524709426596051E+01	  +7.1054000000000002E+01	  +6.3755292562363373E+01	  +8.4648694444444450E-01	  +8.9945699727759387E-01	  +3.7710177777777778E+00	  +3.7145116842398229E+00	  +2.6517227777777777E+00	  +2.4312692949018699E+00	  +1.1192952777777778E+00	  +1.2832423893379530E+00	
  +5.0000000000000000E-01	  +1.8000000000000000E+03	  +5.4191000000000003E+01	  +4.0487000000000002E+01	  +2.5414999999999999E+01	  +6.4028000000000006E+01	  +1.3478999999999999E+01	  +1.3549736272473366E+01	  +6.1975999999999999E+01	  +6.0822811705399928E+01	  +8.3396944444444443E-01	  +9.0205462653182966E-01	  +3.7373386111111109E+00	  +3.7449766492347165E+00	  +1.4973250000000000E+00	  +1.4877494109702929E+00	  +2.2400136111111113E+00	  +2.2572272382644236E+00	
  +5.1666666666666672E-01	  +1.8600000000000000E+03	  +5.2753000000000000E+01	  +4.0698000000000000E+01	  +2.5498000000000001E+01	  +6.3100000000000001E+01	  +1.3468000000000000E+01	  +1.1980759057643031E+01	  +4.3886000000000003E+01	  +5.9195675861731821E+01	  +8.3901666666666663E-01	  +8.7025793776561422E-01	  +3.7492855555555553E+00	  +3.6442625646961075E+00	  +1.3253863888888888E+00	  +1.4915244836352617E+00	  +2.4238991666666667E+00	  +2.1527380810608459E+00	
  +5.3333333333333333E-01	  +1.9200000000000000E+03	  +5.2378999999999998E+01	  +4.0752000000000002E+01	  +2.5474000000000000E+01	  +5.6042000000000002E+01	  +1.3516999999999999E+01	  +1.4093450787482158E+01	  +7.1102999999999994E+01	  +6.8409598897090930E+01	  +8.4477166666666659E-01	  +8.6176719705182969E-01	  +3.7098652777777774E+00	  +3.6134688171096232E+00	  +1.8900824999999999E+00	  +1.7983432991199682E+00	  +1.8197830555555556E+00	  +1.8151255179896550E+00	
  +5.5000000000000004E-01	  +1.9800000000000000E+03	  +5.3258000000000003E+01	  +4.0738000000000000E+01	  +2.5553000000000001E+01	  +3.5222999999999999E+01	  +1.3571000000000000E+01	  +1.4952655538972069E+01	  +6.3814000000000000E+01	  +5.4546127806963518E+01	  +8.4214972222222229E-01	  +8.8195687988090232E-01	  +3.7692547222222221E+00	  +3.6676702864952726E+00	  +3.1080277777777776E+00	  +2.7469375062748922E+00	  +6.6122694444444441E-01	  +9.2073278022038052E-01	
  +5.6666666666666665E-01	  +2.0400000000000000E+03	  +5.2771000000000001E+01	  +4.0539999999999999E+01	  +2.5649999999999999E+01	  +4.8067000000000000E+01	  +1.3531000000000001E+01	  +9.6831591362597020E+00	  +3.9204999999999998E+01	  +7.5446528312091374E+01	  +8.4628777777777775E-01	  +8.7130059578947361E-01	  +3.7671808333333336E+00	  +3.6507597499027926E+00	  +1.6555716666666667E+00	  +2.1882694578244695E+00	  +2.1116091666666668E+00	  +1.4624902920783229E+00	
  +5.8333333333333337E-01	  +2.1000000000000000E+03	  +5.4756999999999998E+01	  +4.1177999999999997E+01	  +2.5657000000000000E+01	  +6.2639000000000003E+01	  +1.3577999999999999E+01	  +1.4295729347456758E+01	  +7.1069000000000003E+01	  +6.5149441929711500E+01	  +8.4669166666666673E-01	  +9.1648528368140336E-01	  +3.7713936111111113E+00	  +3.7568741053750312E+00	  +1.6666094444444444E+00	  +1.5662514003549015E+00	  +2.1047844444444443E+00	  +2.1906227050201297E+00	
  +5.9999999999999998E-01	  +2.1600000000000000E+03	  +5.3320999999999998E+01	  +4.0747999999999998E+01	  +2.5702000000000002E+01	  +6.5683000000000007E+01	  +1.3640000000000001E+01	  +1.4088046149202951E+01	  +6.3856999999999999E+01	  +6.0581452203231066E+01	  +8.4033055555555558E-01	  +8.8412094325974944E-01	  +3.7090611111111111E+00	  +3.6888314042522889E+00	  +1.4549830555555556E+00	  +1.4001382850363180E+00	  +2.2540780555555555E+00	  +2.2886931192159707E+00	
  +6.1666666666666670E-01	  +2.2200000000000000E+03	  +5.2409999999999997E+01	  +4.0704999999999998E+01	  +2.5632999999999999E+01	  +5.6902000000000001E+01	  +1.3624000000000001E+01	  +1.0406766857806494E+01	  +3.9393000000000001E+01	  +6.8834121715568912E+01	  +8.4810694444444445E-01	  +8.6327497926315777E-01	  +3.7174438888888890E+00	  +3.6240575724721547E+00	  +1.3951030555555555E+00	  +1.7736314241605751E+00	  +2.3223408333333331E+00	  +1.8504261483115794E+00	
  +6.3333333333333330E-01	  +2.2800000000000000E+03	  +5.1856999999999999E+01	  +4.0777999999999999E+01	  +2.5687999999999999E+01	  +3.6521000000000001E+01	  +1.3574999999999999E+01	  +1.5749704800406290E+01	  +7.1064999999999998E+01	  +5.4708497567622238E+01	  +8.4214694444444438E-01	  +8.5125084593964895E-01	  +3.6356891666666664E+00	  +3.5759943044681748E+00	  +3.2137763888888888E+00	  +2.6322700096247842E+00	  +4.2191277777777775E-01	  +9.4372429484339060E-01	
  +6.5000000000000002E-01	  +2.3400000000000000E+03	  +5.4271000000000001E+01	  +4.0439000000000000E+01	  +2.5651000000000000E+01	  +6.3633000000000003E+01	  +1.3492000000000001E+01	  +1.3008757531271216E+01	  +6.3823000000000000E+01	  +6.1630386157952657E+01	  +8.4265222222222214E-01	  +9.0491989185152899E-01	  +3.5946994444444442E+00	  +3.7626607432919932E+00	  +1.4660847222222222E+00	  +1.5227909664462271E+00	  +2.1286144444444446E+00	  +2.2398697768457660E+00	
  +6.6666666666666663E-01	  +2.4000000000000000E+03	  +5.2773000000000003E+01	  +4.0393999999999998E+01	  +2.5564000000000000E+01	  +3.9826000000000001E+01	  +1.3430000000000000E+01	  +1.0522319667639854E+01	  +4.5694000000000003E+01	  +7.0088185487063853E+01	  +8.3780694444444448E-01	  +8.7071317637774437E-01	  +3.6572083333333336E+00	  +3.6504371971702092E+00	  +2.0510763888888888E+00	  +2.5474567381948505E+00	  +1.6061319444444444E+00	  +1.1029804589753587E+00	
  +6.8333333333333335E-01	  +2.4600000000000000E+03	  +5.2956000000000003E+01	  +4.0304000000000002E+01	  +2.5593000000000000E+01	  +5.8692999999999998E+01	  +1.3502000000000001E+01	  +1.3978093082694752E+01	  +7.1072999999999993E+01	  +6.7997635581973654E+01	  +8.4164166666666662E-01	  +8.7489823366736874E-01	  +3.7246561111111114E+00	  +3.6790821064454757E+00	  +1.7851074999999998E+00	  +1.7140304612894082E+00	  +1.9395483333333332E+00	  +1.9650516451560680E+00	
  +6.9999999999999996E-01	  +2.5200000000000000E+03	  +5.3262999999999998E+01	  +4.0518000000000001E+01	  +2.5641999999999999E+01	  +5.0323999999999998E+01	  +1.3615000000000000E+01	  +1.2681871686403376E+01	  +6.0789000000000001E+01	  +7.0920667191705178E+01	  +8.3780972222222216E-01	  +8.8229223210305752E-01	  +3.7761147222222227E+00	  +3.6859259702998064E+00	  +1.9519144444444443E+00	  +2.1050432797013094E+00	  +1.8242002777777777E+00	  +1.5808826905984967E+00	
  +7.1666666666666667E-01	  +2.5800000000000000E+03	  +5.2713999999999999E+01	  +4.0323999999999998E+01	  +2.5588999999999999E+01	  +6.2625999999999998E+01	  +1.3516999999999999E+01	  +1.3435259808815381E+01	  +5.9427000000000000E+01	  +6.3584967732195373E+01	  +8.4234888888888892E-01	  +8.6944616787007512E-01	  +3.7784183333333337E+00	  +3.6637384802235955E+00	  +1.5139122222222221E+00	  +1.5248083810117603E+00	  +2.2645063888888890E+00	  +2.1389300992118354E+00	
  +7.3333333333333328E-01	  +2.6400000000000000E+03	  +5.2899000000000001E+01	  +4.0286999999999999E+01	  +2.5593000000000000E+01	  +5.3186000000000000E+01	  +1.3464000000000000E+01	  +1.3809494831280920E+01	  +7.1091999999999999E+01	  +6.9463062055979691E+01	  +8.4022944444444447E-01	  +8.7359571167007521E-01	  +3.7364269444444447E+00	  +3.6728542665835295E+00	  +2.0218602777777779E+00	  +1.9636426642978533E+00	  +1.7145663888888889E+00	  +1.7092116022856767E+00	
  +7.5000000000000000E-01	  +2.7000000000000000E+03	  +5.2218000000000004E+01	  +4.0831000000000003E+01	  +2.5614999999999998E+01	  +6.2363999999999997E+01	  +1.3525000000000000E+01	  +1.2078710938707800E+01	  +4.5497999999999998E+01	  +6.1619059069332053E+01	  +8.4467361111111106E-01	  +8.5900594667368424E-01	  +3.7393958333333335E+00	  +3.6076627786156767E+00	  +1.3497577777777776E+00	  +1.5136892991437341E+00	  +2.3896380555555554E+00	  +2.0939734794719431E+00	
  +7.6666666666666672E-01	  +2.7600000000000000E+03	  +5.3841999999999999E+01	  +4.0926000000000002E+01	  +2.5588999999999999E+01	  +5.4500999999999998E+01	  +1.3601000000000001E+01	  +1.2901015241981995E+01	  +6.2375999999999998E+01	  +7.0128073201200124E+01	  +8.3658805555555560E-01	  +8.9545046199378442E-01	  +3.7764388888888889E+00	  +3.7043902600091436E+00	  +1.8140547222222221E+00	  +1.9210276512291069E+00	  +1.9623844444444445E+00	  +1.7833626087800367E+00	
  +7.8333333333333333E-01	  +2.8200000000000000E+03	  +5.3212000000000003E+01	  +4.0713000000000001E+01	  +2.5635999999999999E+01	  +5.5268000000000001E+01	  +1.3596000000000000E+01	  +1.3889512665782492E+01	  +7.1126000000000005E+01	  +6.9628420590633681E+01	  +8.5365694444444440E-01	  +8.8131201086877198E-01	  +3.7249761111111113E+00	  +3.6756347946624151E+00	  +1.9221400000000000E+00	  +1.8745281847964159E+00	  +1.8028361111111111E+00	  +1.8011066098659996E+00	
  +8.0000000000000004E-01	  +2.8800000000000000E+03	  +5.4521999999999998E+01	  +4.0542000000000002E+01	  +2.5643000000000001E+01	  +6.5031999999999996E+01	  +1.3521000000000001E+01	  +1.1787091219795965E+01	  +4.4786999999999999E+01	  +5.5000382344840112E+01	  +8.4809805555555551E-01	  +9.1061504271999993E-01	  +3.7098075000000001E+00	  +3.7738640127586787E+00	  +1.2783002777777779E+00	  +1.4620314397101630E+00	  +2.4315072222222223E+00	  +2.3118325730485161E+00	
  +8.1666666666666665E-01	  +2.9400000000000000E+03	  +5.3509999999999998E+01	  +4.0356999999999999E+01	  +2.5677000000000000E+01	  +4.0006999999999998E+01	  +1.3564000000000000E+01	  +1.4482314349118871E+01	  +6.8197999999999993E+01	  +6.1407872058725196E+01	  +8.5557138888888884E-01	  +8.8786887910676682E-01	  +3.7561452777777777E+00	  +3.7071944368047531E+00	  +2.8042274999999997E+00	  +2.5895001025463991E+00	  +9.5191777777777775E-01	  +1.1176943342583538E+00	
  +8.3333333333333337E-01	  +3.0000000000000000E+03	  +5.1198000000000000E+01	  +4.0637000000000000E+01	  +2.5666000000000000E+01	  +4.7878000000000000E+01	  +1.3515000000000001E+01	  +1.3845457682435026E+01	  +6.6918999999999997E+01	  +6.8319484710904945E+01	  +8.3669805555555554E-01	  +8.3611411790315793E-01	  +3.7335127777777779E+00	  +3.5413277137916217E+00	  +2.1877700000000000E+00	  +2.1286829016365401E+00	  +1.5457425000000000E+00	  +1.4126448121550821E+00	
  +8.4999999999999998E-01	  +3.0600000000000000E+03	  +5.3337000000000003E+01	  +4.0726999999999997E+01	  +2.5681000000000001E+01	  +6.4864999999999995E+01	  +1.3550000000000001E+01	  +1.1803621891846619E+01	  +4.0597999999999999E+01	  +5.5587030293353898E+01	  +8.5708750000000000E-01	  +8.8435605514977456E-01	  +3.7423891666666669E+00	  +3.6895317624416739E+00	  +1.2542625000000001E+00	  +1.4368468008649276E+00	  +2.4881266666666666E+00	  +2.2526849615767457E+00	
  +8.6666666666666670E-01	  +3.1200000000000000E+03	  +5.2383000000000003E+01	  +4.0926000000000002E+01	  +2.5696000000000002E+01	  +5.4210999999999999E+01	  +1.3603999999999999E+01	  +1.4127189027192383E+01	  +7.1078999999999994E+01	  +6.9808438710404062E+01	  +8.4547888888888889E-01	  +8.6324304242285732E-01	  +3.7512488888888886E+00	  +3.6121283870788385E+00	  +1.9779144444444445E+00	  +1.8921092628816831E+00	  +1.7733344444444443E+00	  +1.7200191241971556E+00	
  +8.8333333333333330E-01	  +3.1800000000000000E+03	  +5.3847999999999999E+01	  +4.0667000000000002E+01	  +2.5702999999999999E+01	  +5.0454999999999998E+01	  +1.3632999999999999E+01	  +1.2482104600041353E+01	  +6.1286000000000001E+01	  +7.1642670939002414E+01	  +8.5940916666666667E-01	  +8.9586938417523809E-01	  +3.7449655555555554E+00	  +3.7202429348663171E+00	  +1.9370666666666665E+00	  +2.1230146855384593E+00	  +1.8078988888888887E+00	  +1.5972282493278580E+00	
  +9.0000000000000002E-01	  +3.2400000000000000E+03	  +5.5231000000000002E+01	  +4.0771999999999998E+01	  +2.5734000000000002E+01	  +6.4170000000000002E+01	  +1.3580000000000000E+01	  +1.1844174017373030E+01	  +4.6182000000000002E+01	  +5.8046592573363910E+01	  +8.3911777777777785E-01	  +9.2708672658526325E-01	  +3.7806838888888890E+00	  +3.8119189539525400E+00	  +1.3299822222222222E+00	  +1.5210156944262965E+00	  +2.4507016666666668E+00	  +2.2909032595262433E+00	
  +9.1666666666666663E-01	  +3.3000000000000000E+03	  +5.1770000000000003E+01	  +4.1017000000000003E+01	  +2.5710999999999999E+01	  +5.4180000000000000E+01	  +1.3643000000000001E+01	  +1.4330507706509938E+01	  +7.1084000000000003E+01	  +6.9686393149998679E+01	  +8.4638888888888886E-01	  +8.4969051790375960E-01	  +3.7600750000000001E+00	  +3.5678333397166604E+00	  +1.9838927777777777E+00	  +1.8709893132316968E+00	  +1.7761825000000000E+00	  +1.6968440264849634E+00	
  +9.3333333333333335E-01	  +3.3600000000000000E+03	  +5.3301000000000002E+01	  +4.1054000000000002E+01	  +2.5699000000000002E+01	  +5.5893999999999998E+01	  +1.3720000000000001E+01	  +1.0907387356382664E+01	  +4.4113999999999997E+01	  +7.0827692024062657E+01	  +8.5244083333333331E-01	  +8.8394631163368431E-01	  +3.7740541666666663E+00	  +3.6672308720361615E+00	  +1.4914652777777777E+00	  +1.8460340831154833E+00	  +2.2825891666666664E+00	  +1.8211967889206779E+00	
  +9.4999999999999996E-01	  +3.4200000000000000E+03	  +5.3395000000000003E+01	  +4.1015000000000001E+01	  +2.5718000000000000E+01	  +6.3427000000000000E+01	  +1.3686999999999999E+01	  +1.3774856868421683E+01	  +6.2531999999999996E+01	  +6.3661588202387165E+01	  +8.6082111111111115E-01	  +8.8610300878696757E-01	  +3.7462752777777779E+00	  +3.6799871743997259E+00	  +1.5108774999999999E+00	  +1.4998129158950895E+00	  +2.2353977777777776E+00	  +2.1801742585046364E+00	
  +9.6666666666666667E-01	  +3.4800000000000000E+03	  +5.3145000000000003E+01	  +4.1442999999999998E+01	  +2.5818000000000001E+01	  +3.5024000000000001E+01	  +1.3792999999999999E+01	  +1.5225235045805267E+01	  +6.3933000000000000E+01	  +5.4674904697810135E+01	  +8.4903333333333331E-01	  +8.8134574806315802E-01	  +3.7625377777777778E+00	  +3.6381913018409224E+00	  +3.1198850000000000E+00	  +2.7454869520959302E+00	  +6.4265277777777785E-01	  +8.9270434974499224E-01	
  +9.8333333333333328E-01	  +3.5400000000000000E+03	  +5.2515000000000001E+01	  +4.1299999999999997E+01	  +2.5827999999999999E+01	  +5.8139000000000003E+01	  +1.3811000000000000E+01	  +1.1770551452381589E+01	  +4.8369000000000000E+01	  +6.9277272622989273E+01	  +8.5770472222222227E-01	  +8.6721742315789463E-01	  +3.7369450000000000E+00	  +3.6101749109534609E+00	  +1.4653591666666665E+00	  +1.7174779289413125E+00	  +2.2715858333333334E+00	  +1.8926969820121480E+00	
  +1.0000000000000000E+00	  +3.6000000000000000E+03	  +5.4393000000000001E+01	  +4.1875999999999998E+01	  +2.5870999999999999E+01	  +3.7497000000000000E+01	  +1.3942000000000000E+01	  +1.4338390372716853E+01	  +6.3750000000000000E+01	  +5.9913164600151767E+01	  +8.6305861111111115E-01	  +9.0967330943639102E-01	  +3.6685908333333330E+00	  +3.7028297723584758E+00	  +2.7946247222222222E+00	  +2.6999113230672442E+00	  +8.7396611111111100E-01	  +1.0029184492912318E+00	
  +1.0166666666666666E+00	  +3.6600000000000000E+03	  +5.3863999999999997E+01	  +4.1738999999999997E+01	  +2.5931999999999999E+01	  +6.2118000000000002E+01	  +1.4010999999999999E+01	  +1.3772287705111300E+01	  +6.7379999999999995E+01	  +6.6496099604474878E+01	  +8.6043638888888885E-01	  +8.9803932325533831E-01	  +3.5998611111111112E+00	  +3.6829118027365468E+00	  +1.5391841666666668E+00	  +1.5689666644096247E+00	  +2.0606772222222220E+00	  +2.1139451383269225E+00	
  +1.0333333333333334E+00	  +3.7200000000000000E+03	  +5.4607999999999997E+01	  +4.1456000000000003E+01	  +2.5882999999999999E+01	  +6.3805000000000000E+01	  +1.3974000000000000E+01	  +1.0883570170237185E+01	  +4.0140000000000001E+01	  +5.6797540611146637E+01	  +8.6447027777777774E-01	  +9.1421614744701740E-01	  +3.5968844444444446E+00	  +3.7435273463211027E+00	  +1.2013069444444444E+00	  +1.5143929585370324E+00	  +2.3955774999999999E+00	  +2.2291343877840708E+00	
  +1.0500000000000000E+00	  +3.7800000000000000E+03	  +5.2345999999999997E+01	  +4.1668999999999997E+01	  +2.5876000000000001E+01	  +6.2618000000000002E+01	  +1.3980000000000000E+01	  +1.4937455573265773E+01	  +7.1055999999999997E+01	  +6.6750827464466340E+01	  +8.6568305555555547E-01	  +8.6399755635328324E-01	  +3.7261255555555555E+00	  +3.5868474514451560E+00	  +1.6349277777777778E+00	  +1.5028673940285813E+00	  +2.0911977777777779E+00	  +2.0839800574165745E+00	
  +1.0666666666666667E+00	  +3.8400000000000000E+03	  +5.2134000000000000E+01	  +4.1840000000000003E+01	  +2.5898000000000000E+01	  +4.6795000000000002E+01	  +1.4045000000000000E+01	  +1.3055561985163964E+01	  +5.8715000000000003E+01	  +7.0725335007176923E+01	  +8.6396805555555556E-01	  +8.5952621983759403E-01	  +3.7192263888888890E+00	  +3.5566425205207532E+00	  +2.0297288888888891E+00	  +2.2016235655836267E+00	  +1.6894974999999999E+00	  +1.3550189549371265E+00	
  +1.0833333333333333E+00	  +3.9000000000000000E+03	  +5.4240000000000002E+01	  +4.2127000000000002E+01	  +2.5899999999999999E+01	  +4.8238999999999997E+01	  +1.4117000000000001E+01	  +1.3255031606474558E+01	  +6.2704999999999998E+01	  +7.1069568388780937E+01	  +8.5346861111111116E-01	  +9.0654271037593992E-01	  +3.7353972222222223E+00	  +3.6816117208255008E+00	  +2.0632213888888886E+00	  +2.2153155262310302E+00	  +1.6721758333333332E+00	  +1.4662961945944706E+00	
  +1.1000000000000001E+00	  +3.9600000000000000E+03	  +5.2860999999999997E+01	  +4.2042999999999999E+01	  +2.5904000000000000E+01	  +6.3162999999999997E+01	  +1.4116000000000000E+01	  +1.4938381484953016E+01	  +7.1085999999999999E+01	  +6.6345222501374309E+01	  +8.5670277777777781E-01	  +8.7587085647037599E-01	  +3.6857363888888890E+00	  +3.6030857732500796E+00	  +1.5982383333333334E+00	  +1.4859121660854211E+00	  +2.0874980555555558E+00	  +2.1171736071646587E+00	
  +1.1166666666666667E+00	  +4.0200000000000000E+03	  +5.2959000000000003E+01	  +4.1871000000000002E+01	  +2.5934999999999999E+01	  +6.5391999999999996E+01	  +1.4145000000000000E+01	  +1.2322767702296060E+01	  +4.4003999999999998E+01	  +5.7276482834295585E+01	  +8.7193777777777781E-01	  +8.7803878189624074E-01	  +3.6200150000000000E+00	  +3.6209052022810879E+00	  +1.2058516666666665E+00	  +1.3935707476668659E+00	  +2.4141633333333332E+00	  +2.2273344546142217E+00	
  +1.1333333333333333E+00	  +4.0800000000000000E+03	  +5.4122000000000000E+01	  +4.1752000000000002E+01	  +2.5710000000000001E+01	  +5.8740000000000002E+01	  +1.3944000000000001E+01	  +1.4043869272622432E+01	  +7.1075999999999993E+01	  +6.8565083915051872E+01	  +8.6023138888888895E-01	  +9.0297041097142849E-01	  +3.6351922222222219E+00	  +3.6877081294779117E+00	  +1.7363669444444445E+00	  +1.7205467770698000E+00	  +1.8988252777777777E+00	  +1.9671613524081115E+00	
  +1.1499999999999999E+00	  +4.1400000000000000E+03	  +5.3432000000000002E+01	  +4.1515999999999998E+01	  +2.5795999999999999E+01	  +6.2560000000000002E+01	  +1.4016000000000000E+01	  +1.4026915484587999E+01	  +6.3814999999999998E+01	  +6.5543451170975970E+01	  +8.7102500000000005E-01	  +8.8771334620070197E-01	  +3.7289169444444448E+00	  +3.6605078758644205E+00	  +1.5353608333333333E+00	  +1.5340229269224288E+00	  +2.1935561111111110E+00	  +2.1264849489419917E+00	
  +1.1666666666666667E+00	  +4.2000000000000000E+03	  +5.1832999999999998E+01	  +4.1377000000000002E+01	  +2.5850999999999999E+01	  +5.5213999999999999E+01	  +1.3988000000000000E+01	  +1.2648686419657347E+01	  +5.5533000000000001E+01	  +7.1899215645366837E+01	  +8.5529361111111102E-01	  +8.5219398679609004E-01	  +3.7398325000000003E+00	  +3.5602012249402266E+00	  +1.6427588888888889E+00	  +1.8311271016044752E+00	  +2.0970736111111110E+00	  +1.7290741233357516E+00	
  +1.1833333333333333E+00	  +4.2600000000000000E+03	  +5.1472999999999999E+01	  +4.1493000000000002E+01	  +2.5902000000000001E+01	  +6.5206000000000003E+01	  +1.4029000000000000E+01	  +1.5565519433123209E+01	  +7.1079999999999998E+01	  +6.4866276251798794E+01	  +8.5327194444444443E-01	  +8.4453978235368410E-01	  +3.7744066666666667E+00	  +3.5431705489476211E+00	  +1.5741408333333333E+00	  +1.3701241216355007E+00	  +2.2002655555555557E+00	  +2.1730464273121202E+00	
  +1.2000000000000000E+00	  +4.3200000000000000E+03	  +5.2856000000000002E+01	  +4.1103999999999999E+01	  +2.5934000000000001E+01	  +4.9688000000000002E+01	  +1.3920000000000000E+01	  +1.0680237730961920E+01	  +4.6631999999999998E+01	  +7.5908611616067972E+01	  +8.6436944444444441E-01	  +8.7516712705924826E-01	  +3.7045358333333334E+00	  +3.6415982572595236E+00	  +1.6699708333333334E+00	  +2.1254423274682681E+00	  +2.0345650000000002E+00	  +1.5161559297912550E+00	
  +1.2166666666666666E+00	  +4.3800000000000000E+03	  +5.4018999999999998E+01	  +4.1031999999999996E+01	  +2.5864000000000001E+01	  +6.1966999999999999E+01	  +1.3772000000000000E+01	  +1.3280728176953801E+01	  +6.6445999999999998E+01	  +6.5834030902959611E+01	  +8.5963361111111114E-01	  +9.0071731870797000E-01	  +3.5887486111111113E+00	  +3.7252330786735568E+00	  +1.5315066666666666E+00	  +1.5924707026260010E+00	  +2.0572419444444443E+00	  +2.1327623760475563E+00	
  +1.2333333333333334E+00	  +4.4400000000000000E+03	  +5.4863999999999997E+01	  +4.0936999999999998E+01	  +2.5808000000000000E+01	  +5.3564000000000000E+01	  +1.3757000000000000E+01	  +1.2312158184736745E+01	  +6.3784999999999997E+01	  +7.2372313115173540E+01	  +8.6851000000000000E-01	  +9.1928508151819555E-01	  +3.6470811111111110E+00	  +3.7794808038713485E+00	  +1.8022102777777780E+00	  +2.0184733851566392E+00	  +1.8448711111111111E+00	  +1.7610074187147098E+00	
  +1.2500000000000000E+00	  +4.5000000000000000E+03	  +5.4945999999999998E+01	  +4.1334000000000003E+01	  +2.5905000000000001E+01	  +5.3106000000000002E+01	  +1.3856000000000000E+01	  +9.6248651624978265E+00	  +4.0369000000000000E+01	  +7.5468910065403279E+01	  +8.5699999999999998E-01	  +9.2174467865864662E-01	  +3.7611966666666667E+00	  +3.7685590730533791E+00	  +1.5057302777777777E+00	  +2.0402407502350548E+00	  +2.2554663888888888E+00	  +1.7283183228183243E+00	
  +1.2666666666666666E+00	  +4.5600000000000000E+03	  +5.2843000000000004E+01	  +4.1531999999999996E+01	  +2.5835999999999999E+01	  +6.2646000000000001E+01	  +1.3944000000000001E+01	  +1.4944878594164837E+01	  +7.1066999999999993E+01	  +6.6567903789219173E+01	  +8.5781166666666664E-01	  +8.7476889326676710E-01	  +3.7704124999999999E+00	  +3.6236899498975914E+00	  +1.6556280555555556E+00	  +1.5158662694372700E+00	  +2.1147844444444446E+00	  +2.1078236804603216E+00	
  +1.2833333333333334E+00	  +4.6200000000000000E+03	  +5.4195000000000000E+01	  +4.1247000000000000E+01	  +2.5962000000000000E+01	  +5.7627000000000002E+01	  +1.4010999999999999E+01	  +1.2059936930008989E+01	  +5.3337000000000003E+01	  +7.0898623550225878E+01	  +8.5488638888888890E-01	  +9.0519447543157894E-01	  +3.7764613888888889E+00	  +3.7276955618920762E+00	  +1.5494300000000001E+00	  +1.8048884499731230E+00	  +2.2270311111111112E+00	  +1.9228071119189531E+00	
  +1.3000000000000000E+00	  +4.6800000000000000E+03	  +5.4081000000000003E+01	  +4.1411000000000001E+01	  +2.5949999999999999E+01	  +3.4680000000000000E+01	  +1.3938000000000001E+01	  +1.4890256259888458E+01	  +6.2298999999999999E+01	  +5.5581603673984226E+01	  +8.6336138888888891E-01	  +9.0271538413533858E-01	  +3.7537961111111109E+00	  +3.7077021598188122E+00	  +3.0651286111111111E+00	  +2.8197351527424450E+00	  +6.8866749999999999E-01	  +8.8796700707636733E-01	
  +1.3166666666666667E+00	  +4.7400000000000000E+03	  +5.3487000000000002E+01	  +4.1372999999999998E+01	  +2.5896000000000001E+01	  +6.2386000000000003E+01	  +1.3936000000000000E+01	  +1.4708896534694318E+01	  +7.1114000000000004E+01	  +6.6920214712362252E+01	  +8.6487472222222217E-01	  +8.8924786416000001E-01	  +3.7659002777777779E+00	  +3.6755228037752410E+00	  +1.6602697222222220E+00	  +1.5522618293766968E+00	  +2.1056305555555559E+00	  +2.1232609743985442E+00	
  +1.3333333333333333E+00	  +4.8000000000000000E+03	  +5.2781999999999996E+01	  +4.1688000000000002E+01	  +2.5972999999999999E+01	  +6.0497000000000000E+01	  +1.3962000000000000E+01	  +1.1614080287312815E+01	  +4.3424999999999997E+01	  +6.6599037727959256E+01	  +8.6134305555555557E-01	  +8.7413108928000005E-01	  +3.7428011111111115E+00	  +3.6165602641250878E+00	  +1.3490572222222221E+00	  +1.6165271892401880E+00	  +2.3937441666666666E+00	  +2.0000330748848998E+00	
  +1.3500000000000001E+00	  +4.8600000000000000E+03	  +5.2820999999999998E+01	  +4.1560000000000002E+01	  +2.5949999999999999E+01	  +5.7402000000000001E+01	  +1.4045000000000000E+01	  +1.4554706230294665E+01	  +7.1090999999999994E+01	  +7.0355937400844439E+01	  +8.6931277777777771E-01	  +8.7480394285714280E-01	  +3.7721930555555558E+00	  +3.6218184343594588E+00	  +1.8420858333333334E+00	  +1.7631939390783122E+00	  +1.9301072222222224E+00	  +1.8586244952811466E+00	
  +1.3666666666666667E+00	  +4.9200000000000000E+03	  +5.4411000000000001E+01	  +4.1619999999999997E+01	  +2.6035000000000000E+01	  +6.2323999999999998E+01	  +1.4023000000000000E+01	  +1.3668186705434307E+01	  +6.3884999999999998E+01	  +6.6693870334856669E+01	  +8.6416999999999999E-01	  +9.1049413831578940E-01	  +3.7338500000000003E+00	  +3.7286964212746376E+00	  +1.5376916666666665E+00	  +1.5829949149337370E+00	  +2.1961583333333334E+00	  +2.1457015063409006E+00	
  +1.3833333333333333E+00	  +4.9800000000000000E+03	  +5.2805000000000000E+01	  +4.1610999999999997E+01	  +2.5980000000000000E+01	  +5.8646000000000001E+01	  +1.4099000000000000E+01	  +1.3249178120927088E+01	  +5.8954000000000001E+01	  +7.0081757282069105E+01	  +8.7092999999999998E-01	  +8.7461684294736841E-01	  +3.7625272222222224E+00	  +3.6205876377296518E+00	  +1.5894794444444444E+00	  +1.7050054476265035E+00	  +2.1730477777777777E+00	  +1.9155821901031485E+00	
  +1.3999999999999999E+00	  +5.0400000000000000E+03	  +5.3396999999999998E+01	  +4.1468000000000004E+01	  +2.5920000000000002E+01	  +5.1707999999999998E+01	  +1.3938000000000001E+01	  +1.4136658787675762E+01	  +7.1116000000000000E+01	  +7.0769775878907595E+01	  +8.6689000000000005E-01	  +8.8741644783157902E-01	  +3.7266563888888888E+00	  +3.6599304910026218E+00	  +2.0793894444444443E+00	  +2.0445149813446162E+00	  +1.6472669444444445E+00	  +1.6154155096580054E+00	
  +1.4166666666666667E+00	  +5.1000000000000000E+03	  +5.2838999999999999E+01	  +4.1273000000000003E+01	  +2.5936000000000000E+01	  +5.6515000000000001E+01	  +1.3885000000000000E+01	  +1.0408008066957260E+01	  +4.0470999999999997E+01	  +7.1773652570807016E+01	  +8.6032944444444448E-01	  +8.7492584546285712E-01	  +3.7164830555555555E+00	  +3.6357607160183671E+00	  +1.4020897222222222E+00	  +1.8116420023691604E+00	  +2.3143933333333337E+00	  +1.8241187136492067E+00	
  +1.4333333333333333E+00	  +5.1600000000000000E+03	  +5.2378999999999998E+01	  +4.1533000000000001E+01	  +2.5974000000000000E+01	  +6.4465999999999994E+01	  +1.4013999999999999E+01	  +1.5149317651795025E+01	  +7.1090999999999994E+01	  +6.5470618298252120E+01	  +8.6780277777777781E-01	  +8.6506888857323294E-01	  +3.7400516666666666E+00	  +3.6018458317983550E+00	  +1.5793969444444445E+00	  +1.4289059239976767E+00	  +2.1606547222222221E+00	  +2.1729399078006781E+00	
  +1.4500000000000000E+00	  +5.2200000000000000E+03	  +5.3219999999999999E+01	  +4.1927000000000000E+01	  +2.5965000000000000E+01	  +5.8076000000000001E+01	  +1.4028000000000000E+01	  +1.3660569072973511E+01	  +6.3659999999999997E+01	  +7.0403842465644189E+01	  +8.7414361111111105E-01	  +8.8399279705263178E-01	  +3.7669086111111110E+00	  +3.6308240037853201E+00	  +1.6831652777777779E+00	  +1.7360272366323175E+00	  +2.0837430555555558E+00	  +1.8947967671530030E+00	
  +1.4666666666666666E+00	  +5.2800000000000000E+03	  +5.4850999999999999E+01	  +4.1743000000000002E+01	  +2.5983000000000001E+01	  +5.1162999999999997E+01	  +1.4035000000000000E+01	  +1.0863613330324753E+01	  +4.8524000000000001E+01	  +7.5895744996574123E+01	  +8.7445861111111112E-01	  +9.2014648026255641E-01	  +3.7652652777777780E+00	  +3.7444779369878169E+00	  +1.6732541666666667E+00	  +2.1220310465592531E+00	  +2.0920111111111113E+00	  +1.6224468904285636E+00	
  +1.4833333333333334E+00	  +5.3400000000000000E+03	  +5.1911000000000001E+01	  +4.1558999999999997E+01	  +2.5698000000000000E+01	  +6.5486000000000004E+01	  +1.4058000000000000E+01	  +1.5668322621712838E+01	  +7.1094999999999999E+01	  +6.3943677407339962E+01	  +8.7042444444444433E-01	  +8.5336467399518801E-01	  +3.7807613888888887E+00	  +3.5582928231876738E+00	  +1.5760786111111111E+00	  +1.3574969282979588E+00	  +2.2046827777777778E+00	  +2.2007958948897155E+00	
  +1.5000000000000000E+00	  +5.4000000000000000E+03	  +5.3408999999999999E+01	  +4.1850000000000001E+01	  +2.5826000000000001E+01	  +4.2195000000000000E+01	  +1.3997999999999999E+01	  +1.1035180110828339E+01	  +4.5162999999999997E+01	  +7.2852673316585481E+01	  +8.8101333333333343E-01	  +8.8759761542857141E-01	  +3.7623855555555554E+00	  +3.6363021418677466E+00	  +1.9668094444444444E+00	  +2.4655871836247076E+00	  +1.7955763888888889E+00	  +1.1707149582430390E+00	
  +1.5166666666666666E+00	  +5.4600000000000000E+03	  +5.1850999999999999E+01	  +4.1844000000000001E+01	  +2.5925999999999998E+01	  +6.2990000000000002E+01	  +1.4173999999999999E+01	  +1.5349135732181722E+01	  +7.1087999999999994E+01	  +6.6959953875662748E+01	  +8.7435750000000001E-01	  +8.5336540795428573E-01	  +3.7622833333333330E+00	  +3.5492489034218822E+00	  +1.6356863888888888E+00	  +1.4719753070602168E+00	  +2.1265969444444446E+00	  +2.0772735963616653E+00	
  +1.5333333333333334E+00	  +5.5200000000000000E+03	  +5.3259000000000000E+01	  +4.1994999999999997E+01	  +2.5899999999999999E+01	  +5.9043999999999997E+01	  +1.4117000000000001E+01	  +1.3848250430959260E+01	  +6.3767000000000003E+01	  +6.9357899203573254E+01	  +8.6930694444444445E-01	  +8.8465931187969948E-01	  +3.7535405555555554E+00	  +3.6279099355776618E+00	  +1.6479827777777778E+00	  +1.6864173396817459E+00	  +2.1055577777777779E+00	  +1.9414925958959159E+00	
  +1.5500000000000000E+00	  +5.5800000000000000E+03	  +5.3872000000000000E+01	  +4.2286000000000001E+01	  +2.5959000000000000E+01	  +4.9655000000000001E+01	  +1.4191000000000001E+01	  +1.3146013473357476E+01	  +6.0512999999999998E+01	  +7.2065312482146410E+01	  +8.6729138888888879E-01	  +8.9867764318075172E-01	  +3.7721450000000001E+00	  +3.6521800550600316E+00	  +1.9597186111111111E+00	  +2.1357981571134426E+00	  +1.8124263888888887E+00	  +1.5163818979465893E+00	
  +1.5666666666666667E+00	  +5.6400000000000000E+03	  +5.4472999999999999E+01	  +4.2046999999999997E+01	  +2.5905000000000001E+01	  +6.4042000000000002E+01	  +1.4276999999999999E+01	  +1.5124176878325800E+01	  +7.1122000000000000E+01	  +6.5646647610153636E+01	  +8.6235083333333340E-01	  +9.1168007437142839E-01	  +3.7701297222222223E+00	  +3.7060798118090790E+00	  +1.6059349999999999E+00	  +1.4878860890426311E+00	  +2.1641947222222222E+00	  +2.2181937227664483E+00	
  +1.5833333333333333E+00	  +5.7000000000000000E+03	  +5.3274000000000001E+01	  +4.1689999999999998E+01	  +2.6013999999999999E+01	  +5.6314999999999998E+01	  +1.4038000000000000E+01	  +1.0578780784292587E+01	  +4.2622999999999998E+01	  +7.2678138506368086E+01	  +8.6023138888888895E-01	  +8.8522627797894748E-01	  +3.6960380555555554E+00	  +3.6467466564961839E+00	  +1.4164230555555555E+00	  +1.8301665082744119E+00	  +2.2796149999999997E+00	  +1.8165801482217718E+00	
  +1.6000000000000001E+00	  +5.7600000000000000E+03	  +5.3496000000000002E+01	  +4.2018999999999998E+01	  +2.6071999999999999E+01	  +6.2536000000000001E+01	  +1.4111000000000001E+01	  +1.4552011765392603E+01	  +7.1081999999999994E+01	  +6.7428678945750008E+01	  +8.7516027777777783E-01	  +8.9057401244390966E-01	  +3.6632138888888890E+00	  +3.6519475699584891E+00	  +1.6011130555555555E+00	  +1.5410111058425329E+00	  +2.0621008333333335E+00	  +2.1109364641159565E+00	
  +1.6166666666666667E+00	  +5.8200000000000000E+03	  +5.2868000000000002E+01	  +4.2255000000000003E+01	  +2.6021999999999998E+01	  +5.6893999999999998E+01	  +1.4255000000000001E+01	  +1.1477376605163105E+01	  +4.4009000000000000E+01	  +7.2034716902079339E+01	  +8.7768083333333324E-01	  +8.7662823764210551E-01	  +3.7581638888888889E+00	  +3.5933589368362582E+00	  +1.4331688888888889E+00	  +1.7762053107217866E+00	  +2.3249952777777780E+00	  +1.8171536261144714E+00	
  +1.6333333333333333E+00	  +5.8800000000000000E+03	  +5.4218000000000004E+01	  +4.1698000000000000E+01	  +2.6065999999999999E+01	  +5.1744999999999997E+01	  +1.4201000000000001E+01	  +1.3060456579777037E+01	  +6.2423000000000002E+01	  +7.3348611179852000E+01	  +8.6447027777777774E-01	  +9.0636960565654134E-01	  +3.7631775000000003E+00	  +3.7083171314199848E+00	  +1.8964619444444444E+00	  +2.0802678103332268E+00	  +1.8667155555555557E+00	  +1.6280493210867579E+00	
  +1.6499999999999999E+00	  +5.9400000000000000E+03	  +5.1689000000000000E+01	  +4.2197000000000003E+01	  +2.5966999999999999E+01	  +6.3131999999999998E+01	  +1.4178000000000001E+01	  +1.4675372971458145E+01	  +6.3451000000000001E+01	  +6.6378201760173923E+01	  +8.6870638888888885E-01	  +8.5023993457754377E-01	  +3.7631322222222221E+00	  +3.5237841305577624E+00	  +1.5196858333333332E+00	  +1.4564893315067007E+00	  +2.2434463888888891E+00	  +2.0672947990510617E+00	
  +1.6666666666666667E+00	  +6.0000000000000000E+03	  +5.2673000000000002E+01	  +4.2189000000000000E+01	  +2.5910000000000000E+01	  +5.2853999999999999E+01	  +1.4189000000000000E+01	  +1.4787118009311378E+01	  +7.1082999999999998E+01	  +7.0082753456612224E+01	  +8.5926888888888886E-01	  +8.7183508885914784E-01	  +3.7678811111111110E+00	  +3.5772160732228571E+00	  +2.0519833333333333E+00	  +1.9472594540318258E+00	  +1.7158977777777777E+00	  +1.6299566191910311E+00	
  +1.6833333333333333E+00	  +6.0600000000000000E+03	  +5.2258000000000003E+01	  +4.2009999999999998E+01	  +2.5841000000000001E+01	  +6.5263999999999996E+01	  +1.4188000000000001E+01	  +1.5228955628229880E+01	  +6.7189999999999998E+01	  +6.4048156488638654E+01	  +8.7257750000000001E-01	  +8.6218728669473688E-01	  +3.7520969444444447E+00	  +3.5650331533205506E+00	  +1.5093494444444446E+00	  +1.3744758561049788E+00	  +2.2427475000000001E+00	  +2.1905572972155718E+00	
  +1.7000000000000000E+00	  +6.1200000000000000E+03	  +5.1700000000000003E+01	  +4.2103000000000002E+01	  +2.5899000000000001E+01	  +4.0008000000000003E+01	  +1.4106999999999999E+01	  +1.1126890698876515E+01	  +4.0685000000000002E+01	  +7.0929406740529103E+01	  +8.6642722222222224E-01	  +8.5011564240601500E-01	  +3.7604147222222224E+00	  +3.5147831244163705E+00	  +1.9635247222222223E+00	  +2.4671857185726820E+00	  +1.7968900000000001E+00	  +1.0475974058436883E+00	
  +1.7166666666666666E+00	  +6.1800000000000000E+03	  +5.2356999999999999E+01	  +4.2231999999999999E+01	  +2.5902000000000001E+01	  +5.6811999999999998E+01	  +1.4113000000000000E+01	  +1.4736988563101683E+01	  +7.1087000000000003E+01	  +7.0180653785619796E+01	  +8.7571055555555555E-01	  +8.6482494292210521E-01	  +3.7414202777777774E+00	  +3.5563650553888766E+00	  +1.8548119444444446E+00	  +1.7567176081065150E+00	  +1.8866083333333332E+00	  +1.7996474472823618E+00	
  +1.7333333333333334E+00	  +6.2400000000000000E+03	  +5.3390999999999998E+01	  +4.2268999999999998E+01	  +2.6016999999999999E+01	  +6.3555000000000000E+01	  +1.4190000000000000E+01	  +1.2217356768431261E+01	  +4.2182000000000002E+01	  +6.1884211013756655E+01	  +8.7470000000000003E-01	  +8.8820376206947371E-01	  +3.7588802777777777E+00	  +3.6309759907836132E+00	  +1.2686038888888889E+00	  +1.4832483574605577E+00	  +2.4902766666666665E+00	  +2.1477276333230555E+00	
  +1.7500000000000000E+00	  +6.3000000000000000E+03	  +5.2756999999999998E+01	  +4.2204000000000001E+01	  +2.5884000000000000E+01	  +3.2942000000000000E+01	  +1.4138000000000000E+01	  +1.7632797129130164E+01	  +7.1043999999999997E+01	  +4.7121994372494619E+01	  +8.7510138888888878E-01	  +8.7361303253654143E-01	  +3.7336566666666671E+00	  +3.5801449774178313E+00	  +3.7336566666666671E+00	  +2.7858932070664078E+00	  +0.0000000000000000E+00	  +7.9425177035142358E-01	
  +1.7666666666666666E+00	  +6.3600000000000000E+03	  +5.3777000000000001E+01	  +4.2021000000000001E+01	  +2.5960999999999999E+01	  +6.0250000000000000E+01	  +1.4116000000000000E+01	  +1.1410875025761065E+01	  +4.2838000000000001E+01	  +6.6693448218941313E+01	  +8.5966722222222225E-01	  +8.9640289604380963E-01	  +3.7353297222222221E+00	  +3.6633711287008897E+00	  +1.3391488888888887E+00	  +1.6485787016592031E+00	  +2.3961808333333332E+00	  +2.0147924270416873E+00	
  +1.7833333333333334E+00	  +6.4200000000000000E+03	  +5.4488999999999997E+01	  +4.2223999999999997E+01	  +2.5914999999999999E+01	  +6.2000000000000000E+01	  +1.4135999999999999E+01	  +1.4491757726540264E+01	  +6.9147999999999996E+01	  +6.7160820514661026E+01	  +8.7359138888888888E-01	  +9.1218234408421051E-01	  +3.7415622222222220E+00	  +3.6976804642651091E+00	  +1.6294216666666665E+00	  +1.5795659649726665E+00	  +2.1121408333333336E+00	  +2.1181144992924428E+00	
  +1.8000000000000000E+00	  +6.4800000000000000E+03	  +5.3033999999999999E+01	  +4.2216999999999999E+01	  +2.5913000000000000E+01	  +5.6996000000000002E+01	  +1.4130000000000001E+01	  +1.3718320185612949E+01	  +6.3591999999999999E+01	  +7.0733766638221297E+01	  +8.8639777777777784E-01	  +8.7988047937984970E-01	  +3.7429605555555554E+00	  +3.6015175898507046E+00	  +1.7097877777777777E+00	  +1.7706713172222488E+00	  +2.0331727777777777E+00	  +1.8308462726284556E+00	
  +1.8166666666666667E+00	  +6.5400000000000000E+03	  +5.3523000000000003E+01	  +4.2265999999999998E+01	  +2.6021999999999998E+01	  +4.1969999999999999E+01	  +1.4141999999999999E+01	  +1.3863756148358636E+01	  +6.2204999999999998E+01	  +6.6650055253403977E+01	  +8.7248527777777785E-01	  +8.9114288016000009E-01	  +3.7485775000000001E+00	  +3.6318970000901336E+00	  +2.4254480555555555E+00	  +2.4828997422830303E+00	  +1.3231297222222222E+00	  +1.1489972578071033E+00	
  +1.8333333333333333E+00	  +6.6000000000000000E+03	  +5.3450000000000003E+01	  +4.2366000000000000E+01	  +2.6138999999999999E+01	  +5.7264000000000003E+01	  +1.4260000000000000E+01	  +1.3676646886232311E+01	  +6.3673999999999999E+01	  +7.1871264630057482E+01	  +8.7147472222222233E-01	  +8.8998318451127845E-01	  +3.7564480555555555E+00	  +3.6307555904921882E+00	  +1.6972558333333334E+00	  +1.7818572169561766E+00	  +2.0591919444444446E+00	  +1.8488983735360112E+00	
  +1.8500000000000001E+00	  +6.6600000000000000E+03	  +5.3534999999999997E+01	  +4.2518000000000001E+01	  +2.6114999999999998E+01	  +6.3997000000000000E+01	  +1.4231999999999999E+01	  +1.1546729699652460E+01	  +4.0165999999999997E+01	  +5.9643204245102091E+01	  +8.8387972222222222E-01	  +8.9186317493233080E-01	  +3.6221111111111113E+00	  +3.6323701715826830E+00	  +1.1943780555555557E+00	  +1.4665170590114132E+00	  +2.4277333333333333E+00	  +2.1658531125712699E+00	
  +1.8666666666666667E+00	  +6.7200000000000000E+03	  +5.5417000000000002E+01	  +4.2026000000000003E+01	  +2.5899000000000001E+01	  +6.2453000000000003E+01	  +1.4109999999999999E+01	  +1.4127474523880934E+01	  +7.1058999999999997E+01	  +6.6291192915918700E+01	  +8.6976527777777779E-01	  +9.3261651566496262E-01	  +3.6190805555555556E+00	  +3.7664800902459725E+00	  +1.5915036111111109E+00	  +1.5872578611991228E+00	  +2.0275769444444443E+00	  +2.1792222290468497E+00	
  +1.8833333333333333E+00	  +6.7800000000000000E+03	  +5.1564999999999998E+01	  +4.1921999999999997E+01	  +2.5949000000000002E+01	  +5.5661000000000001E+01	  +1.4134000000000000E+01	  +1.1478953667783431E+01	  +4.5661999999999999E+01	  +7.2814057518514133E+01	  +8.6168861111111117E-01	  +8.4718337784160380E-01	  +3.6823166666666669E+00	  +3.5206886593983291E+00	  +1.4613825000000000E+00	  +1.7945809591580859E+00	  +2.2209341666666669E+00	  +1.7261077002402427E+00	
  +1.8999999999999999E+00	  +6.8400000000000000E+03	  +5.3840000000000003E+01	  +4.2345999999999997E+01	  +2.5975000000000001E+01	  +4.5137000000000000E+01	  +1.4166000000000000E+01	  +1.4353871577771008E+01	  +6.6980000000000004E+01	  +6.7557470828658950E+01	  +8.8347555555555557E-01	  +8.9805960210526325E-01	  +3.7635922222222224E+00	  +3.6473321519822770E+00	  +2.3804383333333332E+00	  +2.3423246853132271E+00	  +1.3831538888888890E+00	  +1.3050074666690499E+00	
  +1.9166666666666667E+00	  +6.9000000000000000E+03	  +5.3287999999999997E+01	  +4.2130000000000003E+01	  +2.5980000000000000E+01	  +3.5965000000000003E+01	  +1.4214000000000000E+01	  +1.5445554769912439E+01	  +6.3479999999999997E+01	  +5.5912118286617954E+01	  +8.7136777777777774E-01	  +8.8569760433082712E-01	  +3.7521208333333336E+00	  +3.6218908320250192E+00	  +3.0248358333333334E+00	  +2.7058906432952008E+00	  +7.2728500000000007E-01	  +9.1600018872981837E-01	
  +1.9333333333333333E+00	  +6.9600000000000000E+03	  +5.2868000000000002E+01	  +4.2451000000000001E+01	  +2.5998000000000001E+01	  +5.3469000000000001E+01	  +1.4147000000000000E+01	  +1.3380240703338398E+01	  +6.2103999999999999E+01	  +7.2568075781052698E+01	  +8.8398083333333333E-01	  +8.7667526565052645E-01	  +3.7381586111111109E+00	  +3.5804996925181598E+00	  +1.8094872222222222E+00	  +1.9283901394494938E+00	  +1.9286713888888889E+00	  +1.6521095530686660E+00	
  +1.9500000000000000E+00	  +7.0200000000000000E+03	  +5.2332999999999998E+01	  +4.2287999999999997E+01	  +2.5937000000000001E+01	  +6.0054000000000002E+01	  +1.4145000000000000E+01	  +1.4438451894306828E+01	  +6.6159000000000006E+01	  +6.8890114012580042E+01	  +8.8105277777777780E-01	  +8.6447370446596461E-01	  +3.7490288888888892E+00	  +3.5563059524763800E+00	  +1.6486425000000000E+00	  +1.6082747879293324E+00	  +2.1003863888888890E+00	  +1.9480311645470478E+00	
  +1.9666666666666666E+00	  +7.0800000000000000E+03	  +5.1985999999999997E+01	  +4.2061000000000000E+01	  +2.6056999999999999E+01	  +6.0984999999999999E+01	  +1.4180000000000000E+01	  +1.1735232860497710E+01	  +3.9210999999999999E+01	  +6.6416815734830678E+01	  +8.6885000000000001E-01	  +8.5709937115007517E-01	  +3.7713394444444446E+00	  +3.5513649885867613E+00	  +1.2964972222222224E+00	  +1.5679603642225337E+00	  +2.4748422222222226E+00	  +1.9834046243642274E+00	
  +1.9833333333333334E+00	  +7.1400000000000000E+03	  +5.3131000000000000E+01	  +4.2395000000000003E+01	  +2.6099000000000000E+01	  +6.2119999999999997E+01	  +1.4177000000000000E+01	  +1.5008114724263283E+01	  +7.1075999999999993E+01	  +6.8246762841496690E+01	  +8.7762499999999999E-01	  +8.8281084278245636E-01	  +3.7687200000000001E+00	  +3.6108550750190904E+00	  +1.6592922222222224E+00	  +1.5433290280470036E+00	  +2.1094275000000002E+00	  +2.0675260469720866E+00	
  +2.0000000000000000E+00	  +7.2000000000000000E+03	  +5.3328000000000003E+01	  +4.2380000000000003E+01	  +2.6146999999999998E+01	  +6.2613999999999997E+01	  +1.4186999999999999E+01	  +1.2085436587810968E+01	  +4.3600000000000001E+01	  +6.4399158987581771E+01	  +8.7217638888888893E-01	  +8.8732168101052633E-01	  +3.7506438888888889E+00	  +3.6266705034220488E+00	  +1.2977627777777778E+00	  +1.5289227577593707E+00	  +2.4528811111111111E+00	  +2.0977477456626779E+00	
  +2.0166666666666666E+00	  +7.2600000000000000E+03	  +5.3738000000000000E+01	  +4.2331000000000003E+01	  +2.6091999999999999E+01	  +6.1183000000000000E+01	  +1.4147000000000000E+01	  +1.4490803428018330E+01	  +7.1061000000000007E+01	  +6.8775824792176763E+01	  +8.8145999999999991E-01	  +8.9617515795248126E-01	  +3.6825375000000000E+00	  +3.6517095275675864E+00	  +1.6525983333333334E+00	  +1.6043134067701315E+00	  +2.0299391666666668E+00	  +2.0473961207974551E+00	
  +2.0333333333333332E+00	  +7.3200000000000000E+03	  +5.1344000000000001E+01	  +4.2353999999999999E+01	  +2.6164000000000001E+01	  +6.1945999999999998E+01	  +1.4234999999999999E+01	  +1.4404933272873432E+01	  +6.3747000000000000E+01	  +6.8352246211342191E+01	  +8.6713472222222221E-01	  +8.4353855326957394E-01	  +3.7070233333333333E+00	  +3.5021500165864099E+00	  +1.5275438888888890E+00	  +1.5067649622622012E+00	  +2.1794794444444445E+00	  +1.9953850543242087E+00	
  +2.0499999999999998E+00	  +7.3800000000000000E+03	  +5.2784999999999997E+01	  +4.1923000000000002E+01	  +2.6085999999999999E+01	  +6.3158999999999999E+01	  +1.4156000000000001E+01	  +1.4034387492155972E+01	  +6.2186000000000000E+01	  +6.6189317563111416E+01	  +8.6754194444444444E-01	  +8.7482546352180446E-01	  +3.7158141666666666E+00	  +3.6126003515194469E+00	  +1.4806158333333332E+00	  +1.4962157279622488E+00	  +2.2351983333333334E+00	  +2.1163846235571979E+00	
  +2.0666666666666669E+00	  +7.4400000000000000E+03	  +5.2307000000000002E+01	  +4.2140999999999998E+01	  +2.6088000000000001E+01	  +6.4558999999999997E+01	  +1.4196999999999999E+01	  +1.4847222127274406E+01	  +6.5552000000000007E+01	  +6.5406734485703552E+01	  +8.6390916666666662E-01	  +8.6438732518857153E-01	  +3.7493644444444443E+00	  +3.5728437266432476E+00	  +1.4983599999999999E+00	  +1.4165805791065136E+00	  +2.2510044444444444E+00	  +2.1562631475367340E+00	
  +2.0833333333333335E+00	  +7.5000000000000000E+03	  +5.2807000000000002E+01	  +4.2008000000000003E+01	  +2.6064000000000000E+01	  +5.7780999999999999E+01	  +1.4160000000000000E+01	  +1.0842982630386130E+01	  +3.9104999999999997E+01	  +7.1026990481762041E+01	  +8.5653972222222230E-01	  +8.7527732767759392E-01	  +3.7505730555555554E+00	  +3.6040641076397835E+00	  +1.3576727777777780E+00	  +1.7413720626884546E+00	  +2.3929002777777781E+00	  +1.8626920449513287E+00	
  +2.1000000000000001E+00	  +7.5600000000000000E+03	  +5.4320000000000000E+01	  +4.2067999999999998E+01	  +2.6077999999999999E+01	  +5.9725999999999999E+01	  +1.4189000000000000E+01	  +1.4443863015650630E+01	  +7.1094999999999999E+01	  +6.9840888039073619E+01	  +8.9063388888888895E-01	  +9.0886746871979973E-01	  +3.7434477777777779E+00	  +3.7006892737898487E+00	  +1.7327225000000002E+00	  +1.6949826068346046E+00	  +2.0107249999999999E+00	  +2.0057066669552444E+00	
  +2.1166666666666667E+00	  +7.6200000000000000E+03	  +5.2789999999999999E+01	  +4.2631999999999998E+01	  +2.6216999999999999E+01	  +5.0375000000000000E+01	  +1.4224000000000000E+01	  +1.0569820278441943E+01	  +4.1595999999999997E+01	  +7.8426390020323439E+01	  +8.7449833333333338E-01	  +8.7580701423157903E-01	  +3.7689680555555554E+00	  +3.5744850989934345E+00	  +1.5848230555555556E+00	  +2.0749698135584209E+00	  +2.1841447222222223E+00	  +1.4995152854350138E+00	
  +2.1333333333333333E+00	  +7.6800000000000000E+03	  +5.1207000000000001E+01	  +4.1991000000000000E+01	  +2.6231000000000002E+01	  +5.4594999999999999E+01	  +1.4252000000000001E+01	  +1.4807613363308771E+01	  +7.1073999999999998E+01	  +7.2097534097725884E+01	  +8.7106444444444442E-01	  +8.4047586377473682E-01	  +3.7529713888888887E+00	  +3.5043954578914418E+00	  +1.9377733333333333E+00	  +1.8483971777764667E+00	  +1.8151980555555556E+00	  +1.6559982801149751E+00	
  +2.1499999999999999E+00	  +7.7400000000000000E+03	  +5.3851999999999997E+01	  +4.2311999999999998E+01	  +2.6137000000000000E+01	  +3.4377000000000002E+01	  +1.4211000000000000E+01	  +1.2162537589903231E+01	  +4.5488999999999997E+01	  +6.3129631564281709E+01	  +8.7198027777777776E-01	  +8.9883361486596491E-01	  +3.7431666666666668E+00	  +3.6566829834464287E+00	  +2.3888288888888889E+00	  +2.8035719596781750E+00	  +1.3543377777777779E+00	  +8.5311102376825365E-01	
  +2.1666666666666665E+00	  +7.8000000000000000E+03	  +5.5268000000000001E+01	  +4.1917000000000002E+01	  +2.6286000000000001E+01	  +3.4250000000000000E+01	  +1.4185000000000000E+01	  +1.6499309123606249E+01	  +7.1082999999999998E+01	  +5.2559465024179971E+01	  +8.7611805555555555E-01	  +9.3041889018706758E-01	  +3.7098447222222224E+00	  +3.7754649660490789E+00	  +3.6078655555555557E+00	  +2.9113290380507819E+00	  +1.0197916666666666E-01	  +8.6413592799829653E-01	
  +2.1833333333333331E+00	  +7.8600000000000000E+03	  +5.3490000000000002E+01	  +4.1781999999999996E+01	  +2.6263000000000002E+01	  +4.2984000000000002E+01	  +1.4080000000000000E+01	  +1.3087565005122739E+01	  +6.3512000000000000E+01	  +7.0627517275042337E+01	  +8.7268777777777773E-01	  +8.9104757094135334E-01	  +3.6090369444444441E+00	  +3.6624498370581757E+00	  +2.2819927777777780E+00	  +2.4684851364363642E+00	  +1.3270444444444442E+00	  +1.1939647006218113E+00	
  +2.2000000000000002E+00	  +7.9200000000000000E+03	  +5.2692999999999998E+01	  +4.1875000000000000E+01	  +2.6218000000000000E+01	  +4.3204999999999998E+01	  +1.4166000000000000E+01	  +1.3423840071132359E+01	  +6.2384999999999998E+01	  +6.9613897042531818E+01	  +8.6440888888888889E-01	  +8.7330474007518788E-01	  +3.6575825000000002E+00	  +3.6034084095439605E+00	  +2.2730275000000000E+00	  +2.4140209258563479E+00	  +1.3845550000000000E+00	  +1.1893874836876128E+00	
  +2.2166666666666668E+00	  +7.9800000000000000E+03	  +5.3299999999999997E+01	  +4.2445999999999998E+01	  +2.6202999999999999E+01	  +4.9183999999999997E+01	  +1.4215999999999999E+01	  +1.4250099363682207E+01	  +6.8724000000000004E+01	  +7.1311938355304989E+01	  +8.7712583333333327E-01	  +8.8692495466666654E-01	  +3.7551861111111111E+00	  +3.6162055629772558E+00	  +2.1572155555555557E+00	  +2.1513071103291566E+00	  +1.5979705555555557E+00	  +1.4648984526480990E+00	
  +2.2333333333333334E+00	  +8.0400000000000000E+03	  +5.2613000000000000E+01	  +4.2033999999999999E+01	  +2.6141999999999999E+01	  +4.9680000000000000E+01	  +1.4247999999999999E+01	  +1.0295581541910712E+01	  +4.0375000000000000E+01	  +7.8286885424938930E+01	  +8.7267888888888878E-01	  +8.7130991343999997E-01	  +3.7417158333333331E+00	  +3.5887215869620750E+00	  +1.5770052777777779E+00	  +2.1083860296298349E+00	  +2.1647105555555552E+00	  +1.4803355573322399E+00	
  +2.2500000000000000E+00	  +8.1000000000000000E+03	  +5.3244999999999997E+01	  +4.2110999999999997E+01	  +2.6093000000000000E+01	  +6.1896999999999998E+01	  +1.4170000000000000E+01	  +1.4764309111672373E+01	  +7.1072000000000003E+01	  +6.8293243007765199E+01	  +8.6844555555555558E-01	  +8.8514770020401001E-01	  +3.7192052777777778E+00	  +3.6318241051340481E+00	  +1.6451069444444446E+00	  +1.5626288583325967E+00	  +2.0740983333333332E+00	  +2.0691952468014514E+00	
  +2.2666666666666666E+00	  +8.1600000000000000E+03	  +5.4024999999999999E+01	  +4.2167999999999999E+01	  +2.6045999999999999E+01	  +6.5283000000000001E+01	  +1.4077000000000000E+01	  +1.2236230032162306E+01	  +4.4685000000000002E+01	  +5.7921802383794940E+01	  +8.6471777777777781E-01	  +9.0228364306766917E-01	  +3.6704086111111112E+00	  +3.6785910586817741E+00	  +1.2331544444444444E+00	  +1.4242214228474546E+00	  +2.4372541666666665E+00	  +2.2543696358343199E+00	
  +2.2833333333333332E+00	  +8.2200000000000000E+03	  +5.1747999999999998E+01	  +4.2277000000000001E+01	  +2.6023000000000000E+01	  +5.3148000000000003E+01	  +1.4144000000000000E+01	  +1.4779385806625681E+01	  +7.1073999999999998E+01	  +7.0848595573400672E+01	  +8.6652527777777777E-01	  +8.5184150392060143E-01	  +3.7501455555555552E+00	  +3.5167067262991258E+00	  +2.0172133333333333E+00	  +1.9095732071153400E+00	  +1.7329322222222221E+00	  +1.6071335191837859E+00	
  +2.2999999999999998E+00	  +8.2800000000000000E+03	  +5.2171999999999997E+01	  +4.1834000000000003E+01	  +2.5984999999999999E+01	  +5.1097999999999999E+01	  +1.4196000000000000E+01	  +1.1172346291883729E+01	  +4.3762000000000000E+01	  +7.5404779565370049E+01	  +8.7187611111111107E-01	  +8.6074838613333327E-01	  +3.7799986111111115E+00	  +3.5638057032895087E+00	  +1.6035022222222222E+00	  +2.0210026201470779E+00	  +2.1764966666666665E+00	  +1.5428030831424302E+00	
  +2.3166666666666669E+00	  +8.3400000000000000E+03	  +5.5941000000000003E+01	  +4.2572000000000003E+01	  +2.6090000000000000E+01	  +5.4722999999999999E+01	  +1.4252000000000001E+01	  +1.2847756489406111E+01	  +6.2505000000000003E+01	  +7.3404672714168456E+01	  +8.8629083333333336E-01	  +9.4499657045413521E-01	  +3.7470027777777775E+00	  +3.7783184338860720E+00	  +1.7676691666666668E+00	  +1.9782523429292287E+00	  +1.9793336111111111E+00	  +1.8000660909568438E+00	
  +2.3333333333333335E+00	  +8.4000000000000000E+03	  +5.2331000000000003E+01	  +4.1945999999999998E+01	  +2.6085000000000001E+01	  +5.3856000000000002E+01	  +1.4186999999999999E+01	  +1.3653204625380498E+01	  +6.3654000000000003E+01	  +7.2838147102506426E+01	  +8.7026472222222218E-01	  +8.6478178501353375E-01	  +3.7594558333333330E+00	  +3.5731630962255490E+00	  +1.8296138888888889E+00	  +1.9134440872863148E+00	  +1.9298419444444443E+00	  +1.6597190089392340E+00	
  +2.3500000000000001E+00	  +8.4600000000000000E+03	  +5.3533000000000001E+01	  +4.1890999999999998E+01	  +2.6113000000000000E+01	  +4.7369999999999997E+01	  +1.4115000000000000E+01	  +1.2249212369684994E+01	  +5.6612000000000002E+01	  +7.4065233228008893E+01	  +8.5826111111111103E-01	  +8.9147434103649115E-01	  +3.7239544444444448E+00	  +3.6548088565717651E+00	  +1.9455355555555556E+00	  +2.2511222090884835E+00	  +1.7784188888888890E+00	  +1.4036866474832814E+00	
  +2.3666666666666667E+00	  +8.5200000000000000E+03	  +5.3633000000000003E+01	  +4.1976999999999997E+01	  +2.6074000000000002E+01	  +5.0350999999999999E+01	  +1.4037000000000001E+01	  +1.4167478405266273E+01	  +7.1125000000000000E+01	  +7.1207540620507757E+01	  +8.6703055555555553E-01	  +8.9359126670015043E-01	  +3.7174958333333334E+00	  +3.6561378293377391E+00	  +2.1375177777777781E+00	  +2.1138822016403771E+00	  +1.5799780555555556E+00	  +1.5422556276973625E+00	
  +2.3833333333333333E+00	  +8.5800000000000000E+03	  +5.2344999999999999E+01	  +4.2000999999999998E+01	  +2.6088999999999999E+01	  +4.3728000000000002E+01	  +1.4148999999999999E+01	  +1.0358953298644971E+01	  +4.0247000000000000E+01	  +7.6854876860196825E+01	  +8.6956027777777778E-01	  +8.6514352951428553E-01	  +3.7470033333333332E+00	  +3.5696394193881873E+00	  +1.7851233333333334E+00	  +2.3596638752255248E+00	  +1.9618800000000001E+00	  +1.2099755441626623E+00	
  +2.3999999999999999E+00	  +8.6400000000000000E+03	  +5.2448000000000000E+01	  +4.2042000000000002E+01	  +2.6067000000000000E+01	  +3.9545000000000002E+01	  +1.4064000000000000E+01	  +1.5787716490860971E+01	  +7.0814999999999998E+01	  +5.9642873852511102E+01	  +8.7659972222222227E-01	  +8.6736016999218046E-01	  +3.7469380555555558E+00	  +3.5732775263614367E+00	  +2.9704341666666667E+00	  +2.5411266671111954E+00	  +7.7650416666666666E-01	  +1.0321508592502413E+00	
  +2.4166666666666665E+00	  +8.7000000000000000E+03	  +5.2835000000000001E+01	  +4.1823999999999998E+01	  +2.6013999999999999E+01	  +4.6679000000000002E+01	  +1.3992000000000001E+01	  +1.0407705609896597E+01	  +4.3380000000000003E+01	  +7.7005202024815603E+01	  +8.6005944444444438E-01	  +8.7557527612631592E-01	  +3.7226436111111112E+00	  +3.6080226026032234E+00	  +1.7255080555555555E+00	  +2.2466083176643905E+00	  +1.9971355555555557E+00	  +1.3614142849388331E+00	
  +2.4333333333333331E+00	  +8.7600000000000000E+03	  +5.3909999999999997E+01	  +4.1869000000000000E+01	  +2.5963000000000001E+01	  +6.1363000000000000E+01	  +1.4002000000000001E+01	  +1.4348751782154622E+01	  +6.9025000000000006E+01	  +6.7935659575638184E+01	  +8.6278249999999990E-01	  +8.9926239918496231E-01	  +3.7532569444444444E+00	  +3.6802761996960904E+00	  +1.6524841666666668E+00	  +1.6041296419562194E+00	  +2.1007727777777778E+00	  +2.0761465577398708E+00	
  +2.4500000000000002E+00	  +8.8200000000000000E+03	  +5.4810000000000002E+01	  +4.1875999999999998E+01	  +2.6013000000000002E+01	  +6.3899000000000001E+01	  +1.4081000000000000E+01	  +1.3979975471601268E+01	  +6.3390999999999998E+01	  +6.4750298969198965E+01	  +8.6802638888888883E-01	  +9.1940953851428586E-01	  +3.7674638888888889E+00	  +3.7409510948498719E+00	  +1.5003030555555557E+00	  +1.5128245293491598E+00	  +2.2671608333333335E+00	  +2.2281265655007121E+00	
  +2.4666666666666668E+00	  +8.8800000000000000E+03	  +5.2829000000000001E+01	  +4.1813000000000002E+01	  +2.6094999999999999E+01	  +5.5496000000000002E+01	  +1.4018000000000001E+01	  +1.3027472551282026E+01	  +6.0366999999999997E+01	  +7.2983044724617358E+01	  +8.6560972222222232E-01	  +8.7577032826215551E-01	  +3.7673902777777775E+00	  +3.6142686966455777E+00	  +1.7138724999999999E+00	  +1.8565950545388361E+00	  +2.0535180555555557E+00	  +1.7576736421067416E+00	
  +2.4833333333333334E+00	  +8.9400000000000000E+03	  +5.3168999999999997E+01	  +4.1991999999999997E+01	  +2.6065000000000001E+01	  +5.1274000000000001E+01	  +1.4010000000000000E+01	  +1.4259856748195828E+01	  +7.1096000000000004E+01	  +7.1316168124092087E+01	  +8.6923055555555551E-01	  +8.8328946792180452E-01	  +3.7358227777777775E+00	  +3.6247034176457582E+00	  +2.0972897222222224E+00	  +2.0537253362216110E+00	  +1.6385330555555555E+00	  +1.5709780814241465E+00	
  +2.5000000000000000E+00	  +9.0000000000000000E+03	  +5.3759999999999998E+01	  +4.2021999999999998E+01	  +2.5870999999999999E+01	  +6.0488999999999997E+01	  +1.4013000000000000E+01	  +1.1142237171284002E+01	  +3.9143000000000001E+01	  +6.5231152378619612E+01	  +8.6702166666666658E-01	  +8.9570546443308285E-01	  +3.7596191666666670E+00	  +3.6584784797341512E+00	  +1.3103822222222223E+00	  +1.6316180415239991E+00	  +2.4492372222222225E+00	  +2.0268604382101523E+00	
  +2.5166666666666666E+00	  +9.0600000000000000E+03	  +5.2139000000000003E+01	  +4.1787999999999997E+01	  +2.5978000000000002E+01	  +6.0927999999999997E+01	  +1.4122000000000000E+01	  +1.4949535590761700E+01	  +7.1066000000000003E+01	  +6.8588224024505507E+01	  +8.5975055555555546E-01	  +8.5994996722766925E-01	  +3.7446761111111115E+00	  +3.5708708035570220E+00	  +1.6948541666666668E+00	  +1.5763612797975215E+00	  +2.0498219444444445E+00	  +1.9945095237595003E+00	
  +2.5333333333333332E+00	  +9.1200000000000000E+03	  +5.3276000000000003E+01	  +4.2045000000000002E+01	  +2.6038000000000000E+01	  +6.3793999999999997E+01	  +1.3970000000000001E+01	  +1.2315386391161017E+01	  +4.5356999999999999E+01	  +6.1730294232464658E+01	  +8.6086249999999997E-01	  +8.8559041493333335E-01	  +3.7356294444444442E+00	  +3.6360067479587816E+00	  +1.2953088888888888E+00	  +1.4752679488785423E+00	  +2.4403208333333337E+00	  +2.1607387990802396E+00	
  +2.5499999999999998E+00	  +9.1800000000000000E+03	  +5.4296999999999997E+01	  +4.2170000000000002E+01	  +2.6064000000000000E+01	  +5.6232999999999997E+01	  +1.4077999999999999E+01	  +1.3006292577871905E+01	  +6.2722000000000001E+01	  +7.2391021694464186E+01	  +8.8113611111111112E-01	  +9.0836652635187953E-01	  +3.7181377777777778E+00	  +3.6915104115512278E+00	  +1.7050133333333333E+00	  +1.8585700175668924E+00	  +2.0131244444444443E+00	  +1.8329403939843352E+00	
  +2.5666666666666669E+00	  +9.2400000000000000E+03	  +5.2165999999999997E+01	  +4.2515000000000001E+01	  +2.6062000000000001E+01	  +5.1427999999999997E+01	  +1.4173999999999999E+01	  +1.3716326964621256E+01	  +6.3506999999999998E+01	  +7.2215658197687617E+01	  +8.7044027777777777E-01	  +8.6141281086516286E-01	  +3.7359772222222221E+00	  +3.5338175546924422E+00	  +1.9194038888888889E+00	  +1.9952100036472316E+00	  +1.8165736111111110E+00	  +1.5386075510452106E+00	
  +2.5833333333333335E+00	  +9.3000000000000000E+03	  +5.2987000000000002E+01	  +4.2536999999999999E+01	  +2.6018000000000001E+01	  +3.5783000000000001E+01	  +1.4244000000000000E+01	  +1.1435907707309871E+01	  +4.0612000000000002E+01	  +6.6225110839390325E+01	  +8.7971833333333327E-01	  +8.7943668840521316E-01	  +3.7465705555555555E+00	  +3.5845200039875347E+00	  +2.1642163888888888E+00	  +2.6869536926082698E+00	  +1.5823541666666667E+00	  +8.9756631137926468E-01	
  +2.6000000000000001E+00	  +9.3600000000000000E+03	  +5.2396000000000001E+01	  +4.2383000000000003E+01	  +2.6026000000000000E+01	  +3.8164999999999999E+01	  +1.4039000000000000E+01	  +1.5954675160738882E+01	  +7.1075000000000003E+01	  +5.7475935550584865E+01	  +8.7367166666666662E-01	  +8.6627836703438610E-01	  +3.6605699999999999E+00	  +3.5527936162231479E+00	  +3.0682094444444443E+00	  +2.5742342377074521E+00	  +5.9236027777777778E-01	  +9.7855937851569608E-01	
  +2.6166666666666667E+00	  +9.4200000000000000E+03	  +5.1289999999999999E+01	  +4.2357999999999997E+01	  +2.6094999999999999E+01	  +4.9552999999999997E+01	  +1.4127000000000001E+01	  +1.1130539293975163E+01	  +4.5262999999999998E+01	  +7.6421606845196351E+01	  +8.7790194444444447E-01	  +8.4204823660150341E-01	  +3.6833274999999999E+00	  +3.4849802140231136E+00	  +1.6338991666666667E+00	  +2.0490545029979819E+00	  +2.0494283333333332E+00	  +1.4359257110251320E+00	
  +2.6333333333333333E+00	  +9.4800000000000000E+03	  +5.4417999999999999E+01	  +4.2023000000000003E+01	  +2.5861000000000001E+01	  +4.1859000000000002E+01	  +1.3987000000000000E+01	  +1.4866047023779027E+01	  +7.1060000000000002E+01	  +6.3473582009140159E+01	  +8.7407888888888896E-01	  +9.1029740609062670E-01	  +3.6821011111111113E+00	  +3.6960019552791414E+00	  +2.7317727777777776E+00	  +2.5269917961808761E+00	  +9.5032833333333322E-01	  +1.1690101590982653E+00	
  +2.6499999999999999E+00	  +9.5400000000000000E+03	  +5.4055000000000000E+01	  +4.1966000000000001E+01	  +2.5966999999999999E+01	  +4.8646000000000001E+01	  +1.4032000000000000E+01	  +1.1783570703601569E+01	  +5.4069000000000003E+01	  +7.4340219702810444E+01	  +8.6610888888888893E-01	  +9.0255733426666662E-01	  +3.7292469444444447E+00	  +3.6800675567481127E+00	  +1.8477544444444445E+00	  +2.1993406786193983E+00	  +1.8814924999999998E+00	  +1.4807268781287140E+00	
  +2.6666666666666665E+00	  +9.6000000000000000E+03	  +5.2192999999999998E+01	  +4.2350000000000001E+01	  +2.5981000000000002E+01	  +5.9670999999999999E+01	  +1.4063000000000001E+01	  +1.3765002046279568E+01	  +6.1880000000000003E+01	  +6.9278211476635704E+01	  +8.7538694444444443E-01	  +8.6158768466666658E-01	  +3.7168044444444441E+00	  +3.5458829286682825E+00	  +1.5818116666666666E+00	  +1.6227290317883989E+00	  +2.1349927777777777E+00	  +1.9231538968798836E+00	
  +2.6833333333333331E+00	  +9.6600000000000000E+03	  +5.1960000000000001E+01	  +4.2622000000000000E+01	  +2.5972000000000001E+01	  +6.2356000000000002E+01	  +1.4125000000000000E+01	  +1.4435459444317917E+01	  +6.3241000000000000E+01	  +6.7020589415193527E+01	  +8.8173972222222219E-01	  +8.5660274324210517E-01	  +3.7357702777777777E+00	  +3.5197779927985873E+00	  +1.5287249999999999E+00	  +1.4896182886565805E+00	  +2.2070452777777780E+00	  +2.0301597041420067E+00	
  +2.7000000000000002E+00	  +9.7200000000000000E+03	  +5.2317999999999998E+01	  +4.2093000000000004E+01	  +2.5954000000000001E+01	  +6.2503999999999998E+01	  +1.4074999999999999E+01	  +1.2312569243013607E+01	  +4.3691000000000003E+01	  +6.3864396029961277E+01	  +8.7045194444444440E-01	  +8.6405529768380940E-01	  +3.7468102777777776E+00	  +3.5677487602816380E+00	  +1.3056219444444443E+00	  +1.5026150041674107E+00	  +2.4411883333333333E+00	  +2.0651337561142276E+00	
  +2.7166666666666668E+00	  +9.7800000000000000E+03	  +5.2947000000000003E+01	  +4.2338000000000001E+01	  +2.5931000000000001E+01	  +5.7152999999999999E+01	  +1.3955000000000000E+01	  +1.4453008079647729E+01	  +7.1075000000000003E+01	  +7.0393130107649000E+01	  +8.6540444444444453E-01	  +8.7810722719458667E-01	  +3.7376869444444445E+00	  +3.5907998171458342E+00	  +1.8351597222222222E+00	  +1.7587965701030868E+00	  +1.9025269444444444E+00	  +1.8320032470427476E+00	
  +2.7333333333333334E+00	  +9.8400000000000000E+03	  +5.3423000000000002E+01	  +4.2185000000000002E+01	  +2.5957000000000001E+01	  +4.4840000000000003E+01	  +1.3869999999999999E+01	  +9.4654164270762831E+00	  +3.9079000000000001E+01	  +7.8485599557869904E+01	  +8.7588944444444450E-01	  +8.8864632842456182E-01	  +3.6930363888888889E+00	  +3.6270173064221671E+00	  +1.7103694444444444E+00	  +2.3413005667932119E+00	  +1.9826669444444442E+00	  +1.2857167396289557E+00	
  +2.7500000000000000E+00	  +9.9000000000000000E+03	  +5.2301000000000002E+01	  +4.2277999999999999E+01	  +2.6001999999999999E+01	  +5.9868000000000002E+01	  +1.3957000000000001E+01	  +1.4653625100416766E+01	  +7.1051000000000002E+01	  +6.9362034929251422E+01	  +9.0039055555555558E-01	  +8.6400824617102745E-01	  +3.7190669444444442E+00	  +3.5574184074136346E+00	  +1.7191827777777777E+00	  +1.6197554534455940E+00	  +1.9998841666666665E+00	  +1.9376629539680408E+00	
  +2.7666666666666666E+00	  +9.9600000000000000E+03	  +5.3341000000000001E+01	  +4.2017000000000003E+01	  +2.6003000000000000E+01	  +6.1337000000000003E+01	  +1.3917999999999999E+01	  +1.1426910714176444E+01	  +4.3570999999999998E+01	  +6.4924596350671820E+01	  +8.6126944444444453E-01	  +8.8688244639508773E-01	  +3.6873400000000003E+00	  +3.6381697757306664E+00	  +1.3142672222222223E+00	  +1.5881995793438342E+00	  +2.3730727777777778E+00	  +2.0499701963868322E+00	
  +2.7833333333333332E+00	  +1.0020000000000000E+04	  +5.3317999999999998E+01	  +4.1981999999999999E+01	  +2.5960000000000001E+01	  +4.4475000000000001E+01	  +1.3885000000000000E+01	  +1.4192537139504243E+01	  +6.8998000000000005E+01	  +6.7367397508322142E+01	  +8.7337138888888899E-01	  +8.8618701872280714E-01	  +3.6845886111111112E+00	  +3.6298508610643188E+00	  +2.4225980555555555E+00	  +2.3600402862923744E+00	  +1.2619905555555555E+00	  +1.2698105747719446E+00	
  +2.7999999999999998E+00	  +1.0080000000000000E+04	  +5.3692999999999998E+01	  +4.2389000000000003E+01	  +2.5925999999999998E+01	  +5.0411999999999999E+01	  +1.3997999999999999E+01	  +1.3147892689370209E+01	  +6.3558999999999997E+01	  +7.2031771423016494E+01	  +8.6953666666666662E-01	  +8.9467041700270666E-01	  +3.6901152777777781E+00	  +3.6342633527357027E+00	  +1.9489011111111110E+00	  +2.0888571156479192E+00	  +1.7412141666666667E+00	  +1.5454062370877828E+00	
  +2.8166666666666669E+00	  +1.0140000000000000E+04	  +5.2886000000000003E+01	  +4.2692999999999998E+01	  +2.5974000000000000E+01	  +5.6759999999999998E+01	  +1.4029000000000000E+01	  +1.3400605492312193E+01	  +6.2206000000000003E+01	  +7.1349645758448517E+01	  +8.8406111111111108E-01	  +8.7716292170947363E-01	  +3.7115102777777778E+00	  +3.5709235419953265E+00	  +1.6793141666666667E+00	  +1.7692662978300693E+00	  +2.0321961111111113E+00	  +1.8016572441652574E+00	
  +2.8333333333333335E+00	  +1.0200000000000000E+04	  +5.2231000000000002E+01	  +4.2825000000000003E+01	  +2.5931000000000001E+01	  +6.2277999999999999E+01	  +1.4096000000000000E+01	  +1.4907370675350252E+01	  +6.9090999999999994E+01	  +6.7276052566192561E+01	  +8.8557111111111109E-01	  +8.6262150890476175E-01	  +3.7058069444444448E+00	  +3.5251382050744380E+00	  +1.6038477777777778E+00	  +1.4938766523904949E+00	  +2.1019594444444443E+00	  +2.0312615526839433E+00	
  +2.8500000000000001E+00	  +1.0260000000000000E+04	  +5.5445000000000000E+01	  +4.3088999999999999E+01	  +2.6029000000000000E+01	  +6.2289000000000001E+01	  +1.4257000000000000E+01	  +1.1268697537502975E+01	  +4.0231999999999999E+01	  +6.2491324705941729E+01	  +8.9071138888888890E-01	  +9.3413302720250635E-01	  +3.7102386111111114E+00	  +3.7193024371652417E+00	  +1.2557136111111111E+00	  +1.5774032346075724E+00	  +2.4545250000000003E+00	  +2.1418992025576693E+00	
  +2.8666666666666667E+00	  +1.0320000000000000E+04	  +5.3383000000000003E+01	  +4.3110999999999997E+01	  +2.5969999999999999E+01	  +6.3540999999999997E+01	  +1.4170999999999999E+01	  +1.4853359541836218E+01	  +7.1072999999999993E+01	  +6.6078044044152165E+01	  +8.8738194444444440E-01	  +8.8843688486315819E-01	  +3.6182366666666668E+00	  +3.5863181241505813E+00	  +1.5540433333333332E+00	  +1.4632079815283578E+00	  +2.0641933333333333E+00	  +2.1231101426222234E+00	
  +2.8833333333333333E+00	  +1.0380000000000000E+04	  +5.2912999999999997E+01	  +4.2454999999999998E+01	  +2.5878000000000000E+01	  +5.9783000000000001E+01	  +1.3991000000000000E+01	  +1.1600197345409155E+01	  +4.6031999999999996E+01	  +6.7122251503784483E+01	  +8.7468222222222225E-01	  +8.7725714083909778E-01	  +3.6406419444444444E+00	  +3.5825250578520431E+00	  +1.3547266666666666E+00	  +1.6301775567206576E+00	  +2.2859155555555555E+00	  +1.9523475011313853E+00	
  +2.8999999999999999E+00	  +1.0440000000000000E+04	  +5.3918999999999997E+01	  +4.2106999999999999E+01	  +2.5931999999999999E+01	  +5.1896000000000001E+01	  +1.3901000000000000E+01	  +1.3706617437595591E+01	  +7.1081000000000003E+01	  +7.1522250550216285E+01	  +8.7065111111111115E-01	  +8.9951037147428548E-01	  +3.6196513888888893E+00	  +3.6632939555775699E+00	  +2.0072466666666666E+00	  +2.0388479421120760E+00	  +1.6124050000000001E+00	  +1.6244460134654939E+00	
  +2.9166666666666665E+00	  +1.0500000000000000E+04	  +5.3472999999999999E+01	  +4.2713999999999999E+01	  +2.5986000000000001E+01	  +6.0106999999999999E+01	  +1.4052000000000000E+01	  +1.3718125789529340E+01	  +6.3634000000000000E+01	  +6.8870338780899019E+01	  +8.8738777777777778E-01	  +8.9020699505684209E-01	  +3.7000727777777778E+00	  +3.6103467856917186E+00	  +1.5867875000000000E+00	  +1.6317396994942432E+00	  +2.1132852777777780E+00	  +1.9786070861974754E+00	
  +2.9333333333333331E+00	  +1.0560000000000000E+04	  +5.3545999999999999E+01	  +4.2904000000000003E+01	  +2.5986000000000001E+01	  +6.0575000000000003E+01	  +1.4114000000000001E+01	  +1.1228577219121870E+01	  +3.9167000000000002E+01	  +6.5931799140327144E+01	  +8.8668027777777780E-01	  +8.9194697546105239E-01	  +3.7203247222222222E+00	  +3.6058241531299298E+00	  +1.2901013888888888E+00	  +1.6078313282298273E+00	  +2.4302233333333332E+00	  +1.9979928249001024E+00	
  +2.9500000000000002E+00	  +1.0620000000000000E+04	  +5.1780999999999999E+01	  +4.2929000000000002E+01	  +2.6058000000000000E+01	  +5.5390999999999998E+01	  +1.4162000000000001E+01	  +1.4724848612678889E+01	  +7.1078999999999994E+01	  +7.1263762871347467E+01	  +8.8404666666666676E-01	  +8.5317320262075191E-01	  +3.7009394444444443E+00	  +3.4905728556625299E+00	  +1.8857113888888888E+00	  +1.7968322597087667E+00	  +1.8152280555555556E+00	  +1.6937405959537635E+00	
  +2.9666666666666668E+00	  +1.0680000000000000E+04	  +5.3347000000000001E+01	  +4.2963999999999999E+01	  +2.6059999999999999E+01	  +4.5338000000000001E+01	  +1.4190000000000000E+01	  +1.1258796687562700E+01	  +4.7018999999999998E+01	  +7.5171538238214509E+01	  +8.9121638888888888E-01	  +8.8779664630375943E-01	  +3.7271966666666665E+00	  +3.5887682484651418E+00	  +1.8392769444444443E+00	  +2.2993707175467635E+00	  +1.8879197222222224E+00	  +1.2893975309183783E+00	
  +2.9833333333333334E+00	  +1.0740000000000000E+04	  +5.4216999999999999E+01	  +4.2436999999999998E+01	  +2.5948000000000000E+01	  +3.9037999999999997E+01	  +1.4064000000000000E+01	  +1.3644894307268149E+01	  +6.2104999999999997E+01	  +6.3792436854952207E+01	  +8.6610888888888893E-01	  +9.0638833617964909E-01	  +3.5815702777777778E+00	  +3.6667981590288941E+00	  +2.5316458333333332E+00	  +2.6202355906350849E+00	  +1.0499247222222221E+00	  +1.0465625683938091E+00	
  +3.0000000000000000E+00	  +1.0800000000000000E+04	  +5.3930999999999997E+01	  +4.2695999999999998E+01	  +2.6012000000000000E+01	  +6.2225000000000001E+01	  +1.4002000000000001E+01	  +1.3735083029893339E+01	  +6.3447000000000003E+01	  +6.6651519007796367E+01	  +8.8829444444444450E-01	  +9.0040672983578951E-01	  +3.6831066666666663E+00	  +3.6427639729536936E+00	  +1.5148622222222221E+00	  +1.5486188186986716E+00	  +2.1682444444444444E+00	  +2.0941451542550222E+00	
