 TIME                    	time                     	freq-sim                 	freq-exp                 	Toa                      	Tr-sim                   	Tr-exp                   	Ts-sim                   	Ts-exp                   	Pel-sim                  	Pel-exp                  	Qh-sim                   	Qh-exp                   	Qhair                    	
  +0.0000000000000000E+00	  +0.0000000000000000E+00	  +0.0000000000000000E+00	  +4.0500000000000000E+01	  -6.2720000000000002E+00	  +2.3333300000000001E+01	  +9.2699999999999996E+00	  +1.8981941321619100E+01	  +2.7373000000000001E+01	  +1.9200000000000002E-02	  +2.4275888888888889E-01	  +0.0000000000000000E+00	  +0.0000000000000000E+00	  +0.0000000000000000E+00	
  +1.6666666666666666E-02	  +1.7000000000000001E-02	  +3.1733333333333334E+01	  +7.4834999999999994E+01	  -5.9580000000000002E+00	  +2.3103856069715025E+01	  +1.4722000000000000E+01	  +2.5030636657807179E+01	  +2.6042000000000002E+01	  +3.7052332848950975E-01	  +6.3829583333333328E-01	  +2.4901135823854120E-01	  +0.0000000000000000E+00	  +0.0000000000000000E+00	
  +3.3333333333333333E-02	  +3.3000000000000002E-02	  +7.5366666666666660E+01	  +8.5921999999999997E+01	  -7.2089999999999996E+00	  +2.2706423384843248E+01	  +1.7713000000000001E+01	  +2.9772315752270590E+01	  +3.3478000000000002E+01	  +1.5527082953762910E+00	  +1.1656608333333334E+00	  +9.1416754130119826E-01	  +8.3381666666666659E-02	  +2.2986436111111113E+00	
  +5.0000000000000003E-02	  +5.0000000000000003E-02	  +1.0710000000000001E+02	  +1.0692400000000001E+02	  -7.9429999999999996E+00	  +2.2419200447030093E+01	  +1.9556000000000001E+01	  +3.4511956615688021E+01	  +3.8908999999999999E+01	  +2.6437083682933507E+00	  +1.7397663888888888E+00	  +1.5662853099157841E+00	  +1.4021083333333334E-01	  +3.3243419444444444E+00	
  +6.6666666666666666E-02	  +6.7000000000000004E-02	  +1.1900000000000000E+02	  +1.0490200000000000E+02	  -8.4520000000000000E+00	  +2.2225900945716202E+01	  +2.0542999999999999E+01	  +3.8150340161743451E+01	  +3.9835000000000001E+01	  +3.0631297823658943E+00	  +1.7028105555555557E+00	  +2.0647771190518851E+00	  +1.4675138888888886E-01	  +3.3036638888888890E+00	
  +8.3333333333333329E-02	  +8.3000000000000004E-02	  +1.1900000000000000E+02	  +1.0590100000000000E+02	  -8.7910000000000004E+00	  +2.2104075379446229E+01	  +2.1082999999999998E+01	  +4.1046898462558424E+01	  +3.9692000000000000E+01	  +3.0622418978181654E+00	  +1.6727275000000001E+00	  +2.4564090865229682E+00	  +1.5027194444444444E-01	  +3.1845977777777779E+00	
  +1.0000000000000001E-01	  +1.0000000000000001E-01	  +1.1900000000000000E+02	  +1.1450900000000000E+02	  -9.0239999999999991E+00	  +2.2041109512898959E+01	  +2.1222000000000001E+01	  +4.3749260882839458E+01	  +3.8256999999999998E+01	  +3.0623315636514454E+00	  +1.8437341666666667E+00	  +2.8155820703099637E+00	  +1.6136861111111112E-01	  +3.5311719444444440E+00	
  +1.1666666666666667E-01	  +1.1700000000000001E-01	  +1.1900000000000000E+02	  +1.2012000000000000E+02	  -9.2550000000000008E+00	  +2.2030015061605805E+01	  +2.1504000000000001E+01	  +4.6229304700777945E+01	  +3.8707000000000001E+01	  +3.0644443652861719E+00	  +2.0137408333333333E+00	  +3.1388005146251210E+00	  +1.5729611111111111E-01	  +3.5617075000000002E+00	
  +1.3333333333333333E-01	  +1.3300000000000001E-01	  +1.1900000000000000E+02	  +1.1907299999999999E+02	  -9.5480000000000000E+00	  +2.2063335942215858E+01	  +2.1788000000000000E+01	  +4.8432938377019745E+01	  +3.9079000000000001E+01	  +3.0681755521222653E+00	  +2.0023866666666668E+00	  +3.4228516339385959E+00	  +1.6455944444444445E-01	  +3.5760486111111112E+00	
  +1.4999999999999999E-01	  +1.4999999999999999E-01	  +1.1900000000000000E+02	  +1.1958600000000000E+02	  -9.4920000000000009E+00	  +2.2136150571680123E+01	  +2.1641999999999999E+01	  +5.0657200966628530E+01	  +3.9051000000000002E+01	  +3.0704233895349922E+00	  +2.0309447222222223E+00	  +3.7010334564560035E+00	  +1.6455944444444445E-01	  +3.6015205555555556E+00	
  +1.6666666666666666E-01	  +1.6700000000000001E-01	  +1.1900000000000000E+02	  +1.2014500000000000E+02	  -9.7550000000000008E+00	  +2.2242553467712721E+01	  +2.1699999999999999E+01	  +5.2492457193685972E+01	  +3.9307000000000002E+01	  +3.0776687588500722E+00	  +2.0289150000000000E+00	  +3.9233209841988592E+00	  +1.7417777777777776E-01	  +3.6405349999999999E+00	
  +1.8333333333333332E-01	  +1.8300000000000000E-01	  +1.1900000000000000E+02	  +1.2011100000000000E+02	  -1.0141000000000000E+01	  +2.2374558590433164E+01	  +2.2010000000000002E+01	  +5.4067820255878715E+01	  +3.9579000000000001E+01	  +3.0872331175195686E+00	  +2.0101516666666668E+00	  +4.1082877272895884E+00	  +1.6905638888888888E-01	  +3.6293863888888889E+00	
  +2.0000000000000001E-01	  +2.0000000000000001E-01	  +1.1503333333333333E+02	  +1.1954300000000001E+02	  -1.0076000000000001E+01	  +2.2524566433909218E+01	  +2.2042999999999999E+01	  +5.5250679641502956E+01	  +3.9719000000000001E+01	  +2.9504032166467122E+00	  +2.0275836111111114E+00	  +4.2373627369527123E+00	  +1.7799555555555555E-01	  +3.6504352777777775E+00	
  +2.1666666666666667E-01	  +2.1700000000000000E-01	  +9.5200000000000003E+01	  +1.1895900000000000E+02	  -1.0093000000000000E+01	  +2.2664377264411442E+01	  +2.1922999999999998E+01	  +5.3911462010419989E+01	  +3.9670999999999999E+01	  +2.2547742305333101E+00	  +2.0275061111111112E+00	  +4.0445639177219688E+00	  +1.6835027777777778E-01	  +3.6663000000000001E+00	
  +2.3333333333333334E-01	  +2.3300000000000001E-01	  +8.3299999999999997E+01	  +1.2104100000000000E+02	  -1.0060000000000000E+01	  +2.2772279556538034E+01	  +2.1831000000000000E+01	  +5.2681670782348263E+01	  +3.9630000000000003E+01	  +1.8279294143087699E+00	  +2.0092736111111114E+00	  +3.8669583897399638E+00	  +1.9170333333333331E-01	  +3.6776005555555553E+00	
  +2.5000000000000000E-01	  +2.5000000000000000E-01	  +7.5366666666666660E+01	  +1.2214700000000001E+02	  -1.0162000000000001E+01	  +2.2852047098404498E+01	  +2.1841999999999999E+01	  +5.1561046657600535E+01	  +3.9844999999999999E+01	  +1.5723760619928968E+00	  +2.0545911111111113E+00	  +3.7112365547690742E+00	  +2.1553083333333331E-01	  +3.7183580555555555E+00	
  +2.6666666666666666E-01	  +2.6700000000000002E-01	  +7.1399999999999991E+01	  +1.1848600000000000E+02	  -1.0358000000000001E+01	  +2.2912953766661726E+01	  +2.2431000000000001E+01	  +5.1133633679394670E+01	  +4.0481000000000002E+01	  +1.4454971977080340E+00	  +2.0519952777777779E+00	  +3.6485886418557221E+00	  +3.1155499999999997E-01	  +3.7206355555555555E+00	
  +2.8333333333333333E-01	  +2.8299999999999997E-01	  +6.7433333333333337E+01	  +1.1858199999999999E+02	  -1.0202999999999999E+01	  +2.2959804966219952E+01	  +2.1835000000000001E+01	  +5.0423602619545441E+01	  +4.0472999999999999E+01	  +1.3257577487217085E+00	  +1.9991955555555556E+00	  +3.5498595214868542E+00	  +4.1944508333333328E+00	  +3.8457344444444446E+00	
  +2.9999999999999999E-01	  +2.9999999999999999E-01	  +6.3466666666666669E+01	  +1.1905100000000000E+02	  -1.0334000000000000E+01	  +2.2988461702316101E+01	  +2.1959000000000000E+01	  +4.9463749849535141E+01	  +4.0692000000000000E+01	  +1.2068626561971336E+00	  +2.0496272222222225E+00	  +3.4217090374652042E+00	  +4.1944508333333328E+00	  +3.8629477777777774E+00	
  +3.1666666666666665E-01	  +3.1700000000000000E-01	  +6.3466666666666669E+01	  +1.1951000000000001E+02	  -1.0494999999999999E+01	  +2.3007553829520177E+01	  +2.1934000000000001E+01	  +4.9557675542561547E+01	  +4.1052000000000000E+01	  +1.2074808134137573E+00	  +2.0237286111111112E+00	  +3.4328849774528742E+00	  +4.2083422222222220E+00	  +3.9402349999999999E+00	
  +3.3333333333333331E-01	  +3.3300000000000002E-01	  +6.3466666666666669E+01	  +1.1801800000000000E+02	  -1.0830000000000000E+01	  +2.3025847643312002E+01	  +2.2491000000000000E+01	  +4.9495396419995146E+01	  +4.1543999999999997E+01	  +1.2088587453563620E+00	  +2.0252994444444448E+00	  +3.4220563474760679E+00	  +4.2385627777777772E+00	  +3.9203361111111108E+00	
  +3.4999999999999998E-01	  +3.4999999999999998E-01	  +5.9500000000000000E+01	  +1.1818899999999999E+02	  -1.1023000000000000E+01	  +2.3031171806532249E+01	  +2.2890000000000001E+01	  +4.8284179817848390E+01	  +4.1911000000000001E+01	  +1.0888251150474602E+00	  +2.0136391666666666E+00	  +3.2632125755737729E+00	  +4.2002777777777780E+00	  +3.9089405555555556E+00	
  +3.6666666666666664E-01	  +3.6699999999999999E-01	  +5.9500000000000000E+01	  +1.1759500000000000E+02	  -1.1148999999999999E+01	  +2.3025045831559087E+01	  +2.2834000000000000E+01	  +4.8246192593982798E+01	  +4.1968000000000004E+01	  +1.0887328247201122E+00	  +1.9931430555555554E+00	  +3.2607488721061850E+00	  +4.1930930555555559E+00	  +3.9321763888888888E+00	
  +3.8333333333333336E-01	  +3.8300000000000001E-01	  +6.3466666666666669E+01	  +1.1701000000000001E+02	  -1.1329000000000001E+01	  +2.3029616906044360E+01	  +2.2820000000000000E+01	  +4.9386838952215072E+01	  +4.2113999999999997E+01	  +1.2102144383358795E+00	  +2.0162061111111109E+00	  +3.4090789197225306E+00	  +4.2530533333333338E+00	  +3.9640580555555558E+00	
  +4.0000000000000002E-01	  +4.0000000000000002E-01	  +6.3466666666666669E+01	  +1.1610400000000000E+02	  -1.1292999999999999E+01	  +2.3044102734601651E+01	  +2.2811000000000000E+01	  +4.9412076738716522E+01	  +4.2378000000000000E+01	  +1.2105602041264716E+00	  +2.0422952777777779E+00	  +3.4088067685424108E+00	  +4.2481647222222225E+00	  +4.0185966666666664E+00	
  +4.1666666666666669E-01	  +4.1699999999999998E-01	  +6.3466666666666669E+01	  +1.1847700000000000E+02	  -1.1472000000000000E+01	  +2.3058001657207154E+01	  +2.2916000000000000E+01	  +4.9379341286275931E+01	  +4.2524999999999999E+01	  +1.2113380381502894E+00	  +2.0059897222222220E+00	  +3.4026242435679457E+00	  +4.2378508333333338E+00	  +4.0256547222222219E+00	
  +4.3333333333333335E-01	  +4.3300000000000000E-01	  +6.3466666666666669E+01	  +1.1754300000000001E+02	  -1.1566000000000001E+01	  +2.3071020734425460E+01	  +2.2888000000000002E+01	  +4.9365960982260958E+01	  +4.2674999999999997E+01	  +1.2118448873465286E+00	  +1.9860913888888889E+00	  +3.3990677102186218E+00	  +4.3173205555555549E+00	  +4.0612713888888887E+00	
  +4.5000000000000001E-01	  +4.5000000000000001E-01	  +6.3466666666666669E+01	  +1.1658799999999999E+02	  -1.1737000000000000E+01	  +2.3082869097889805E+01	  +2.2977000000000000E+01	  +4.9333729008822267E+01	  +4.2807000000000002E+01	  +1.2125523677395538E+00	  +1.9886122222222222E+00	  +3.3932389238643017E+00	  +4.3257858333333337E+00	  +4.0686080555555550E+00	
  +4.6666666666666667E-01	  +4.6700000000000003E-01	  +6.3466666666666669E+01	  +1.1662000000000000E+02	  -1.1811000000000000E+01	  +2.3093614697294470E+01	  +2.2863000000000000E+01	  +4.9323522337044110E+01	  +4.2654000000000003E+01	  +1.2129542650045821E+00	  +1.9587780555555554E+00	  +3.3904122038965494E+00	  +4.3287347222222223E+00	  +4.0624124999999998E+00	
  +4.8333333333333334E-01	  +4.8299999999999998E-01	  +6.3466666666666669E+01	  +1.1714300000000000E+02	  -1.1833000000000000E+01	  +2.3103353653199107E+01	  +2.2693999999999999E+01	  +4.9324847023546432E+01	  +4.2877000000000002E+01	  +1.2131865956393413E+00	  +2.0136824999999998E+00	  +3.3892173437850484E+00	  +4.3287736111111110E+00	  +4.1425200000000002E+00	
  +5.0000000000000000E-01	  +5.0000000000000000E-01	  +5.5533333333333331E+01	  +1.1696200000000000E+02	  -1.1882999999999999E+01	  +2.3088979619578694E+01	  +2.2579999999999998E+01	  +4.6803789909649481E+01	  +4.2850999999999999E+01	  +9.7654792698768811E-01	  +1.9881447222222222E+00	  +3.0653631843290845E+00	  +4.3510313888888890E+00	  +4.1615011111111109E+00	
  +5.1666666666666672E-01	  +5.1700000000000002E-01	  +5.5533333333333331E+01	  +1.1748099999999999E+02	  -1.1863000000000000E+01	  +2.3052227081909383E+01	  +2.2504000000000001E+01	  +4.6781427048338166E+01	  +4.3164000000000001E+01	  +9.7597600616092639E-01	  +2.0228586111111113E+00	  +3.0675895521494456E+00	  +4.4701300000000002E+00	  +4.2398633333333331E+00	
  +5.3333333333333333E-01	  +5.3300000000000003E-01	  +5.5533333333333331E+01	  +1.1951500000000000E+02	  -1.1988000000000000E+01	  +2.3016750180222573E+01	  +2.2480000000000000E+01	  +4.6731131358087374E+01	  +4.3448999999999998E+01	  +9.7586120022395639E-01	  +2.0184694444444444E+00	  +3.0659663363197165E+00	  +4.4922047222222226E+00	  +4.3014072222222222E+00	
  +5.5000000000000004E-01	  +5.5000000000000004E-01	  +5.5533333333333331E+01	  +1.1713400000000000E+02	  -1.2058000000000000E+01	  +2.2982623597033250E+01	  +2.2664000000000001E+01	  +4.6692237383849005E+01	  +4.3747999999999998E+01	  +9.7559685593171930E-01	  +2.0276316666666667E+00	  +3.0657511425186943E+00	  +4.5073533333333335E+00	  +4.3216016666666661E+00	
  +5.6666666666666665E-01	  +5.6699999999999995E-01	  +5.5533333333333331E+01	  +1.1857299999999999E+02	  -1.2212999999999999E+01	  +2.2949562041324842E+01	  +2.2771000000000001E+01	  +4.6637678841213337E+01	  +4.3844000000000001E+01	  +9.7562844667271220E-01	  +1.9957475000000000E+00	  +3.0632338144827007E+00	  +4.4570663888888893E+00	  +4.3178336111111113E+00	
  +5.8333333333333337E-01	  +5.8299999999999996E-01	  +5.5533333333333331E+01	  +1.1757100000000000E+02	  -1.2327000000000000E+01	  +2.2917522213429304E+01	  +2.2949999999999999E+01	  +4.6591409606330899E+01	  +4.4122000000000000E+01	  +9.7554572742719858E-01	  +2.0218077777777776E+00	  +3.0617797067574490E+00	  +4.4444438888888884E+00	  +4.3351036111111112E+00	
  +5.9999999999999998E-01	  +5.9999999999999998E-01	  +5.5533333333333331E+01	  +1.1991200000000001E+02	  -1.2416000000000000E+01	  +2.2886842431573974E+01	  +2.2614999999999998E+01	  +4.6551489756997746E+01	  +4.3877000000000002E+01	  +9.7541780221941798E-01	  +1.9860044444444445E+00	  +3.0608901252007317E+00	  +4.4762305555555555E+00	  +4.3574211111111110E+00	
  +6.1666666666666670E-01	  +6.1699999999999999E-01	  +8.3299999999999997E+01	  +1.1953300000000000E+02	  -1.2449999999999999E+01	  +2.2930524058514461E+01	  +2.2577000000000002E+01	  +5.4386755835151810E+01	  +4.4021000000000001E+01	  +1.8528376951102989E+00	  +2.0040980555555556E+00	  +4.0658752583303031E+00	  +4.5152669444444440E+00	  +4.3941508333333328E+00	
  +6.3333333333333330E-01	  +6.3300000000000001E-01	  +8.3299999999999997E+01	  +1.1762900000000000E+02	  -1.2449999999999999E+01	  +2.3043897416794898E+01	  +2.2847000000000001E+01	  +5.4441589068262957E+01	  +4.4405999999999999E+01	  +1.8552259276221248E+00	  +2.0396122222222224E+00	  +4.0590987997451489E+00	  +4.5466152777777777E+00	  +4.4129227777777782E+00	
  +6.5000000000000002E-01	  +6.5000000000000002E-01	  +8.3299999999999997E+01	  +1.1744900000000000E+02	  -1.2536000000000000E+01	  +2.3151417294373559E+01	  +2.2977000000000000E+01	  +5.4476406847166210E+01	  +4.4749000000000002E+01	  +1.8586970953416120E+00	  +2.0398027777777776E+00	  +4.0482294384275557E+00	  +4.6251550000000003E+00	  +4.4532447222222222E+00	
  +6.6666666666666663E-01	  +6.6700000000000004E-01	  +8.3299999999999997E+01	  +1.1801900000000001E+02	  -1.2813000000000001E+01	  +2.2957949965535633E+01	  +2.3117999999999999E+01	  +2.2960690260891884E+01	  +4.4902000000000001E+01	  +1.1139171819014355E+00	  +2.0204011111111111E+00	  +0.0000000000000000E+00	  +4.5317047222222220E+00	  +4.4534722222222225E+00	
  +6.8333333333333335E-01	  +6.8300000000000005E-01	  +1.1900000000000000E+02	  +1.1957400000000000E+02	  -1.2770000000000000E+01	  +2.2481119265522207E+01	  +2.3416000000000000E+01	  +2.2481119265522210E+01	  +4.5093000000000004E+01	  +1.8726218157672108E+00	  +2.0373858333333335E+00	  +0.0000000000000000E+00	  +4.5231761111111108E+00	  +4.4282036111111109E+00	
  +6.9999999999999996E-01	  +6.9999999999999996E-01	  +1.1900000000000000E+02	  +1.0889700000000001E+02	  -1.2866000000000000E+01	  +2.2021852115085586E+01	  +2.3443999999999999E+01	  +2.2026128073860406E+01	  +4.3859000000000002E+01	  +1.8624939281473263E+00	  +1.7478822222222223E+00	  +0.0000000000000000E+00	  +4.2758458333333333E+00	  +4.1783488888888893E+00	
  +7.1666666666666667E-01	  +7.1699999999999997E-01	  +1.1900000000000000E+02	  +1.0881699999999999E+02	  -1.2763000000000000E+01	  +2.1579203325743734E+01	  +2.3202000000000002E+01	  +2.1579485148306798E+01	  +4.2396999999999998E+01	  +1.8512453606513726E+00	  +1.7356275000000001E+00	  +0.0000000000000000E+00	  +4.2625933333333332E+00	  +3.9396283333333333E+00	
  +7.3333333333333328E-01	  +7.3299999999999998E-01	  +1.1900000000000000E+02	  +0.0000000000000000E+00	  -1.2679000000000000E+01	  +2.1153130159759051E+01	  +2.2652999999999999E+01	  +2.1158519145682806E+01	  +4.1695999999999998E+01	  +1.8407300917892966E+00	  -1.4313888888888887E-03	  +0.0000000000000000E+00	  +2.2499999999999999E-02	  +3.9164205555555553E+00	
  +7.5000000000000000E-01	  +7.5000000000000000E-01	  +1.1900000000000000E+02	  +3.2427000000000000E+01	  -1.1965999999999999E+01	  +2.0742555800485924E+01	  +2.1905999999999999E+01	  +2.0742801190421776E+01	  +3.1007999999999999E+01	  +3.0506627206111721E+00	  +2.2766666666666664E-02	  +0.0000000000000000E+00	  +6.8413888888888890E-03	  +1.5777302777777777E+00	
  +7.6666666666666672E-01	  +7.6700000000000002E-01	  +1.1900000000000000E+02	  +5.0234999999999999E+01	  -1.0769000000000000E+01	  +2.0382165513545992E+01	  +1.8326000000000001E+01	  +2.2598908937037237E+01	  +2.9981000000000002E+01	  +3.0303296668899153E+00	  +1.8932333333333332E-01	  +4.7556243285765881E-01	  +0.0000000000000000E+00	  +0.0000000000000000E+00	
  +7.8333333333333333E-01	  +7.8300000000000003E-01	  +1.1900000000000000E+02	  +8.3744000000000000E+01	  -9.5489999999999995E+00	  +2.0105501819223282E+01	  +1.2867000000000001E+01	  +2.4619693715496815E+01	  +2.9472000000000001E+01	  +3.0114060623546326E+00	  +7.5327111111111111E-01	  +9.6923371633575106E-01	  +0.0000000000000000E+00	  +0.0000000000000000E+00	
  +8.0000000000000004E-01	  +8.0000000000000004E-01	  +1.1900000000000000E+02	  +0.0000000000000000E+00	  -7.0250000000000004E+00	  +1.9917910438496229E+01	  +1.0205000000000000E+01	  +2.7176206226073887E+01	  +2.9146000000000001E+01	  +2.9798407290262401E+00	  -4.6472222222222227E-03	  +1.5593451528415085E+00	  +0.0000000000000000E+00	  +0.0000000000000000E+00	
  +8.1666666666666665E-01	  +8.1699999999999995E-01	  +1.1900000000000000E+02	  +2.3288000000000000E+01	  -6.2569999999999997E+00	  +1.9820635325045568E+01	  +9.5090000000000003E+00	  +2.9669675056793785E+01	  +2.7741000000000000E+01	  +2.9694448367455295E+00	  +1.4347500000000001E-02	  +2.1165618882837358E+00	  +0.0000000000000000E+00	  +0.0000000000000000E+00	
  +8.3333333333333337E-01	  +8.3299999999999996E-01	  +1.1900000000000000E+02	  +4.1527999999999999E+01	  -6.0960000000000001E+00	  +1.9804420546744240E+01	  +1.0757999999999999E+01	  +3.2020352736938058E+01	  +2.6427000000000000E+01	  +2.9673485891446671E+00	  +3.1035805555555557E-01	  +2.6253109705066402E+00	  +0.0000000000000000E+00	  +0.0000000000000000E+00	
  +8.4999999999999998E-01	  +8.4999999999999998E-01	  +1.1900000000000000E+02	  +7.5983999999999995E+01	  -6.6689999999999996E+00	  +1.9855617140513946E+01	  +1.6385999999999999E+01	  +3.4014679668914575E+01	  +2.6792999999999999E+01	  +2.9746936407701319E+00	  +8.6412666666666671E-01	  +3.0422623908768891E+00	  +5.4083888888888890E-02	  +1.5377286111111113E+00	
  +8.6666666666666670E-01	  +8.6699999999999999E-01	  +1.1900000000000000E+02	  +8.4016000000000005E+01	  -7.7480000000000002E+00	  +1.9957727435660782E+01	  +1.8620000000000001E+01	  +3.5588042293357155E+01	  +3.3982999999999997E+01	  +2.9886188323030272E+00	  +1.1772661111111111E+00	  +3.3572469986013393E+00	  +8.3934999999999996E-02	  +2.6644388888888888E+00	
  +8.8333333333333330E-01	  +8.8300000000000001E-01	  +1.1900000000000000E+02	  +1.0434800000000000E+02	  -8.1500000000000004E+00	  +2.0101315196005103E+01	  +1.9673999999999999E+01	  +3.7167317143944771E+01	  +3.9627000000000002E+01	  +2.9958876424355290E+00	  +1.6769813888888889E+00	  +3.6638808417323037E+00	  +1.5124361111111109E-01	  +3.4228286111111115E+00	
  +9.0000000000000002E-01	  +9.0000000000000002E-01	  +1.1900000000000000E+02	  +1.0489800000000000E+02	  -8.7629999999999999E+00	  +2.0279485236749501E+01	  +2.0033000000000001E+01	  +3.8468351975412055E+01	  +3.7024999999999999E+01	  +3.0057726824147548E+00	  +1.6203705555555554E+00	  +3.9072085488037409E+00	  +1.4296472222222223E-01	  +2.9255177777777774E+00	
  +9.1666666666666663E-01	  +9.1700000000000004E-01	  +1.1900000000000000E+02	  +1.1242800000000000E+02	  -9.1029999999999998E+00	  +2.0484920323278597E+01	  +2.0712000000000000E+01	  +3.9728021192840309E+01	  +3.6500000000000000E+01	  +3.0135906012326474E+00	  +1.7861019444444444E+00	  +4.1304577414146806E+00	  +1.5120944444444445E-01	  +3.2846544444444441E+00	
  +9.3333333333333335E-01	  +9.3300000000000005E-01	  +1.1900000000000000E+02	  +1.2009699999999999E+02	  -9.3599999999999994E+00	  +2.0713079342195570E+01	  +2.1161999999999999E+01	  +4.0881660132134854E+01	  +3.7542999999999999E+01	  +3.0209594920727123E+00	  +2.0325369444444443E+00	  +4.3252673567602358E+00	  +1.5734055555555557E-01	  +3.3998919444444446E+00	
  +9.4999999999999996E-01	  +9.4999999999999996E-01	  +1.1900000000000000E+02	  +1.1851500000000000E+02	  -9.5899999999999999E+00	  +2.0958852037773774E+01	  +2.1472999999999999E+01	  +4.1914258445730020E+01	  +3.8494999999999997E+01	  +3.0283819645146473E+00	  +2.0080966666666669E+00	  +4.4897857401277612E+00	  +1.6613888888888889E-01	  +3.5257022222222223E+00	
  +9.6666666666666667E-01	  +9.6699999999999997E-01	  +1.1900000000000000E+02	  +1.1854000000000001E+02	  -9.7319999999999993E+00	  +2.1217619574404530E+01	  +2.1669000000000000E+01	  +4.2848879995172098E+01	  +3.8808000000000000E+01	  +3.0371224510978312E+00	  +1.9592358333333333E+00	  +4.6301857487950082E+00	  +1.5651083333333332E-01	  +3.5469200000000001E+00	
  +9.8333333333333328E-01	  +9.8299999999999998E-01	  +1.1900000000000000E+02	  +1.1997600000000000E+02	  -9.8430000000000000E+00	  +2.1485033240098488E+01	  +2.1855000000000000E+01	  +4.8308493783154731E+01	  +3.9189999999999998E+01	  +3.0494477649297584E+00	  +2.0286038888888891E+00	  +4.7408114983658391E+00	  +1.6545777777777779E-01	  +3.5840866666666664E+00	
  +1.0000000000000000E+00	  +1.0000000000000000E+00	  +1.1900000000000000E+02	  +1.2006699999999999E+02	  -1.0007999999999999E+01	  +2.1756465197308138E+01	  +2.2135999999999999E+01	  +4.9046363008209006E+01	  +3.9415999999999997E+01	  +3.0616144573739681E+00	  +2.0022516666666665E+00	  +4.8207056687377232E+00	  +1.5729638888888892E-01	  +3.5697966666666665E+00	
  +1.0166666666666666E+00	  +1.0169999999999999E+00	  +1.1900000000000000E+02	  +1.2007100000000000E+02	  -1.0037000000000001E+01	  +2.2028355236085254E+01	  +2.2105000000000000E+01	  +4.9728526059964757E+01	  +3.9554000000000002E+01	  +3.0726841908202052E+00	  +2.0196236111111112E+00	  +4.8886624442405830E+00	  +1.7133055555555554E-01	  +3.6042166666666668E+00	
  +1.0333333333333334E+00	  +1.0329999999999999E+00	  +1.1900000000000000E+02	  +1.2109500000000000E+02	  -1.0186000000000000E+01	  +2.2297607715344164E+01	  +2.2266999999999999E+01	  +6.0305219828437203E+01	  +3.9758000000000003E+01	  +3.0852775168429973E+00	  +1.9954516666666666E+00	  +4.9255051628612234E+00	  +1.7075138888888891E-01	  +3.6104930555555557E+00	
  +1.0500000000000000E+00	  +1.0500000000000000E+00	  +1.1900000000000000E+02	  +1.1943500000000000E+02	  -1.0279000000000000E+01	  +2.2560795153570812E+01	  +2.2483000000000001E+01	  +6.0718322964980977E+01	  +3.9927999999999997E+01	  +3.0965395438783414E+00	  +2.0286933333333335E+00	  +4.9412141366942759E+00	  +1.6416000000000000E-01	  +3.5988366666666667E+00	
  +1.0666666666666667E+00	  +1.0669999999999999E+00	  +1.1900000000000000E+02	  +1.2068899999999999E+02	  -1.0268000000000001E+01	  +2.2814993148533379E+01	  +2.2643000000000001E+01	  +6.0980783292416511E+01	  +4.0139000000000003E+01	  +3.1064964998299764E+00	  +2.0220866666666666E+00	  +4.9379885561971015E+00	  +1.7191805555555556E-01	  +3.6073747222222226E+00	
  +1.0833333333333333E+00	  +1.0830000000000000E+00	  +1.1900000000000000E+02	  +1.1807500000000000E+02	  -1.0215000000000000E+01	  +2.3057696819284732E+01	  +2.2178000000000001E+01	  +6.1069137490931219E+01	  +4.0271999999999998E+01	  +3.1155446295082068E+00	  +2.0260455555555557E+00	  +4.9139040890345838E+00	  +2.4379194444444444E-01	  +3.7325794444444447E+00	
  +1.1000000000000001E+00	  +1.1000000000000001E+00	  +1.0710000000000001E+02	  +1.2052100000000000E+02	  -1.0441000000000001E+01	  +2.3274141262575796E+01	  +2.2459000000000000E+01	  +5.9679939213069439E+01	  +4.0578000000000003E+01	  +2.6910471610629934E+00	  +2.0174924999999999E+00	  +4.7009229322791803E+00	  +3.3667333333333332E-01	  +3.7340180555555555E+00	
  +1.1166666666666667E+00	  +1.1170000000000000E+00	  +9.1233333333333334E+01	  +1.1795699999999999E+02	  -1.0510999999999999E+01	  +2.3439544473558687E+01	  +2.2876000000000001E+01	  +5.6919384768022425E+01	  +4.0921999999999997E+01	  +2.1346893798451809E+00	  +2.0048274999999998E+00	  +4.3248869848093188E+00	  +3.3667333333333332E-01	  +3.7146158333333332E+00	
  +1.1333333333333333E+00	  +1.1330000000000000E+00	  +7.5366666666666660E+01	  +1.1951100000000000E+02	  -1.0747999999999999E+01	  +2.3535502988907734E+01	  +2.3045999999999999E+01	  +5.3213035232112240E+01	  +4.1264000000000003E+01	  +1.5895529059844820E+00	  +2.0168111111111111E+00	  +3.8318585536490533E+00	  +4.0606111111111109E-01	  +3.7467622222222219E+00	
  +1.1499999999999999E+00	  +1.1499999999999999E+00	  +6.7433333333333337E+01	  +1.1758000000000000E+02	  -1.0830000000000000E+01	  +2.3571740286380290E+01	  +2.2832000000000001E+01	  +5.1051640523931184E+01	  +4.1548999999999999E+01	  +1.3403509616963265E+00	  +2.0565527777777777E+00	  +3.5436248268639501E+00	  +4.1231780555555559E+00	  +3.8490297222222223E+00	
  +1.1666666666666667E+00	  +1.1670000000000000E+00	  +6.7433333333333337E+01	  +1.1724200000000000E+02	  -1.1169000000000000E+01	  +2.3585195338242272E+01	  +2.3170000000000002E+01	  +5.0956947305873612E+01	  +4.1881000000000000E+01	  +1.3415542581399202E+00	  +2.0056180555555558E+00	  +3.5322414912704758E+00	  +4.1244008333333335E+00	  +3.8436499999999998E+00	
  +1.1833333333333333E+00	  +1.1830000000000001E+00	  +6.7433333333333337E+01	  +1.1708199999999999E+02	  -1.1189000000000000E+01	  +2.3597047911345033E+01	  +2.3274999999999999E+01	  +5.0958257282063315E+01	  +4.2148000000000003E+01	  +1.3418397454170434E+00	  +2.0041661111111111E+00	  +3.5308688435834030E+00	  +4.1138416666666666E+00	  +3.8747227777777780E+00	
  +1.2000000000000000E+00	  +1.2000000000000000E+00	  +6.7433333333333337E+01	  +1.1756699999999999E+02	  -1.1212999999999999E+01	  +2.3608249062804070E+01	  +2.3227000000000000E+01	  +5.0958630481364537E+01	  +4.2213000000000001E+01	  +1.3421447375066184E+00	  +2.0107724999999999E+00	  +3.5293434389692715E+00	  +4.1644863888888892E+00	  +3.8977238888888892E+00	
  +1.2166666666666666E+00	  +1.2170000000000001E+00	  +6.3466666666666669E+01	  +1.1897600000000000E+02	  -1.1462000000000000E+01	  +2.3607560517503689E+01	  +2.3457999999999998E+01	  +4.9755040899608879E+01	  +4.2564999999999998E+01	  +1.2212872060874185E+00	  +2.0411297222222222E+00	  +3.3725495952144420E+00	  +4.1895324999999994E+00	  +3.9187344444444445E+00	
  +1.2333333333333334E+00	  +1.2330000000000001E+00	  +6.3466666666666669E+01	  +1.1755700000000000E+02	  -1.1435000000000000E+01	  +2.3595846269586140E+01	  +2.3324999999999999E+01	  +4.9746107398719367E+01	  +4.2540999999999997E+01	  +1.2208178603931161E+00	  +2.0203708333333332E+00	  +3.3746133270640839E+00	  +4.2058005555555553E+00	  +3.9420608333333331E+00	
  +1.2500000000000000E+00	  +1.2500000000000000E+00	  +6.3466666666666669E+01	  +1.1655600000000000E+02	  -1.1535000000000000E+01	  +2.3584716487427606E+01	  +2.3265999999999998E+01	  +4.9715201217770684E+01	  +4.2533000000000001E+01	  +1.2208448727185082E+00	  +2.0263136111111111E+00	  +3.3721828569310048E+00	  +4.2063613888888884E+00	  +3.9529936111111112E+00	
  +1.2666666666666666E+00	  +1.2669999999999999E+00	  +6.7433333333333337E+01	  +1.1950500000000000E+02	  -1.1798000000000000E+01	  +2.3583837206708921E+01	  +2.3178999999999998E+01	  +5.0780550160231073E+01	  +4.2588000000000001E+01	  +1.3437724214569027E+00	  +2.0132444444444446E+00	  +3.5111921179904675E+00	  +4.1699958333333331E+00	  +3.9823172222222225E+00	
  +1.2833333333333334E+00	  +1.2829999999999999E+00	  +6.7433333333333337E+01	  +1.1803100000000001E+02	  -1.1868000000000000E+01	  +2.3592522216531041E+01	  +2.3462000000000000E+01	  +5.0773099500135700E+01	  +4.2959000000000003E+01	  +1.3443899772827252E+00	  +2.0526572222222224E+00	  +3.5076103389766500E+00	  +4.2368355555555555E+00	  +3.9961666666666669E+00	
  +1.3000000000000000E+00	  +1.3000000000000000E+00	  +6.7433333333333337E+01	  +1.0847799999999999E+02	  -1.1823000000000000E+01	  +2.3600639824747162E+01	  +2.3346000000000000E+01	  +5.0790126728037826E+01	  +4.2497999999999998E+01	  +1.3443655929103919E+00	  +1.7782119444444444E+00	  +3.5086678203727937E+00	  +4.0633299999999997E+00	  +3.9291636111111110E+00	
  +1.3166666666666667E+00	  +1.3169999999999999E+00	  +6.7433333333333337E+01	  +1.1469400000000000E+02	  -1.1862000000000000E+01	  +2.3608373377353530E+01	  +2.3361000000000001E+01	  +5.0784354380657909E+01	  +4.2159999999999997E+01	  +1.3446597837747256E+00	  +1.8956127777777778E+00	  +3.5068370766400192E+00	  +4.1601502777777775E+00	  +3.8588825000000000E+00	
  +1.3333333333333333E+00	  +1.3330000000000000E+00	  +6.7433333333333337E+01	  +1.1705500000000001E+02	  -1.2096000000000000E+01	  +2.3615213270161334E+01	  +2.3295000000000002E+01	  +5.0725987160693975E+01	  +4.2956000000000003E+01	  +1.3457013240302933E+00	  +1.9944808333333335E+00	  +3.4982673755542257E+00	  +4.1862111111111115E+00	  +4.0308852777777782E+00	
  +1.3500000000000001E+00	  +1.3500000000000001E+00	  +6.7433333333333337E+01	  +1.1912000000000000E+02	  -1.2037000000000001E+01	  +2.3621072503629293E+01	  +2.3013999999999999E+01	  +5.0745064185593399E+01	  +4.3009000000000000E+01	  +1.3455706759896195E+00	  +2.0146158333333335E+00	  +3.4999842735848530E+00	  +4.3078019444444440E+00	  +4.1009663888888888E+00	
  +1.3666666666666667E+00	  +1.3670000000000000E+00	  +6.7433333333333337E+01	  +1.2098999999999999E+02	  -1.2320000000000000E+01	  +2.3626097642903819E+01	  +2.3020000000000000E+01	  +5.0672504802236737E+01	  +4.3258000000000003E+01	  +1.3467678467374524E+00	  +2.0314069444444445E+00	  +3.4898201479677478E+00	  +4.3524136111111114E+00	  +4.1490261111111115E+00	
  +1.3833333333333333E+00	  +1.3830000000000000E+00	  +5.9500000000000000E+01	  +1.1857299999999999E+02	  -1.2590999999999999E+01	  +2.3608829756312328E+01	  +2.3268000000000001E+01	  +4.8368311929352295E+01	  +4.3689000000000000E+01	  +1.0995664682862136E+00	  +2.0591941666666669E+00	  +3.1967267094835758E+00	  +4.3881222222222220E+00	  +4.1819513888888888E+00	
  +1.3999999999999999E+00	  +1.3999999999999999E+00	  +5.9500000000000000E+01	  +1.1825900000000000E+02	  -1.2484000000000000E+01	  +2.3571398809626263E+01	  +2.3437999999999999E+01	  +4.8371807805475278E+01	  +4.3908000000000001E+01	  +1.0991310316647833E+00	  +2.0188666666666668E+00	  +3.2006724838387806E+00	  +4.3531133333333338E+00	  +4.1893816666666668E+00	
  +1.4166666666666667E+00	  +1.4170000000000000E+00	  +5.9500000000000000E+01	  +1.1756699999999999E+02	  -1.2465999999999999E+01	  +2.3301642403479107E+01	  +2.3231999999999999E+01	  +2.3303815675766511E+01	  +4.3854999999999997E+01	  +6.5708701652202028E-01	  +2.0245925000000002E+00	  +0.0000000000000000E+00	  +4.3491269444444445E+00	  +4.2225997222222222E+00	
  +1.4333333333333333E+00	  +1.4330000000000001E+00	  +5.9500000000000000E+01	  +1.2009399999999999E+02	  -1.2723000000000001E+01	  +2.2812158171184571E+01	  +2.3013999999999999E+01	  +2.2816720159406493E+01	  +4.3901000000000003E+01	  +6.5307550473257270E-01	  +2.0156580555555554E+00	  +0.0000000000000000E+00	  +4.3176983333333334E+00	  +4.2778272222222222E+00	
  +1.4500000000000000E+00	  +1.4500000000000000E+00	  +5.9500000000000000E+01	  +1.1966600000000000E+02	  -1.2728999999999999E+01	  +2.2340709835273206E+01	  +2.2936000000000000E+01	  +2.2345135547957266E+01	  +4.3851999999999997E+01	  +6.4902730387327923E-01	  +1.9979052777777777E+00	  +0.0000000000000000E+00	  +4.3783052777777778E+00	  +4.2846663888888887E+00	
  +1.4666666666666666E+00	  +1.4670000000000001E+00	  +5.9500000000000000E+01	  +1.2054300000000001E+02	  -1.2852000000000000E+01	  +2.1886610000299534E+01	  +2.2323000000000000E+01	  +2.1890881443897534E+01	  +4.3654000000000003E+01	  +6.4541277632070160E-01	  +2.0357305555555554E+00	  +0.0000000000000000E+00	  +4.4685666666666668E+00	  +4.3753797222222222E+00	
  +1.4833333333333334E+00	  +1.4830000000000001E+00	  +5.9500000000000000E+01	  +0.0000000000000000E+00	  -1.2580000000000000E+01	  +2.1448941202908269E+01	  +2.2550000000000001E+01	  +2.1449220030048110E+01	  +3.3375000000000000E+01	  +6.4088999435972627E-01	  -5.2061111111111110E-03	  +0.0000000000000000E+00	  +2.2499999999999999E-02	  +1.8671838888888890E+00	
  +1.5000000000000000E+00	  +1.5000000000000000E+00	  +1.1900000000000000E+02	  +3.6685000000000002E+01	  -1.1468000000000000E+01	  +2.1027410646554564E+01	  +2.2129999999999999E+01	  +2.1027661329707385E+01	  +3.1722000000000001E+01	  +3.0507806147856602E+00	  +1.0260527777777778E-01	  +0.0000000000000000E+00	  +0.0000000000000000E+00	  +0.0000000000000000E+00	
  +1.5166666666666666E+00	  +1.5169999999999999E+00	  +1.1900000000000000E+02	  +4.8292000000000002E+01	  -1.0349000000000000E+01	  +2.0657206021614506E+01	  +1.6385999999999999E+01	  +2.2918964795111258E+01	  +3.0666000000000000E+01	  +3.0311149561620647E+00	  +2.7139138888888892E-01	  +4.8477974450455324E-01	  +0.0000000000000000E+00	  +0.0000000000000000E+00	
  +1.5333333333333334E+00	  +1.5329999999999999E+00	  +1.1900000000000000E+02	  +7.6069999999999993E+01	  -8.5559999999999992E+00	  +2.0374612862002209E+01	  +1.1644000000000000E+01	  +2.5118262595060060E+01	  +3.0007000000000001E+01	  +3.0057479105768041E+00	  +7.1928611111111107E-01	  +1.0175994926735845E+00	  +0.0000000000000000E+00	  +0.0000000000000000E+00	
  +1.5500000000000000E+00	  +1.5500000000000000E+00	  +1.1900000000000000E+02	  +0.0000000000000000E+00	  -6.5549999999999997E+00	  +2.0184613516733616E+01	  +9.6940000000000008E+00	  +2.7706783894188771E+01	  +2.9541000000000000E+01	  +2.9799096985512490E+00	  -4.6950000000000004E-03	  +1.6146084402316103E+00	  +0.0000000000000000E+00	  +0.0000000000000000E+00	
  +1.5666666666666667E+00	  +1.5669999999999999E+00	  +1.1900000000000000E+02	  +4.3134000000000000E+01	  -6.5819999999999999E+00	  +2.0082828452353997E+01	  +9.2609999999999992E+00	  +3.0028673583340723E+01	  +2.7742000000000001E+01	  +2.9782025597967303E+00	  +1.7943277777777777E-01	  +2.1355041909551744E+00	  +0.0000000000000000E+00	  +0.0000000000000000E+00	
  +1.5833333333333333E+00	  +1.5830000000000000E+00	  +1.1900000000000000E+02	  +6.7069000000000003E+01	  -6.0739999999999998E+00	  +2.0060572167948326E+01	  +1.4121000000000000E+01	  +3.2433790525404049E+01	  +2.3882000000000001E+01	  +2.9721553673635026E+00	  +5.5451416666666664E-01	  +2.6568634164940259E+00	  +0.0000000000000000E+00	  +0.0000000000000000E+00	
  +1.6000000000000001E+00	  +1.6000000000000001E+00	  +1.1900000000000000E+02	  +8.5430999999999997E+01	  -7.1749999999999998E+00	  +2.0103597805535642E+01	  +1.7475000000000001E+01	  +3.4212723398187840E+01	  +3.0303999999999998E+01	  +2.9851686424519883E+00	  +1.0795336111111111E+00	  +3.0290495355216716E+00	  +0.0000000000000000E+00	  +0.0000000000000000E+00	
  +1.6166666666666667E+00	  +1.6170000000000000E+00	  +1.1900000000000000E+02	  +9.8920000000000002E+01	  -8.0340000000000007E+00	  +2.0194793533265411E+01	  +1.9088000000000001E+01	  +3.5787217017345313E+01	  +3.6253999999999998E+01	  +2.9964498610843755E+00	  +1.4862222222222221E+00	  +3.3464869376334052E+00	  +9.7949722222222230E-02	  +2.9637619444444443E+00	
  +1.6333333333333333E+00	  +1.6330000000000000E+00	  +1.1900000000000000E+02	  +1.0333700000000000E+02	  -8.6690000000000005E+00	  +2.0325878900148933E+01	  +1.9896000000000001E+01	  +3.7218304106366411E+01	  +3.8718000000000004E+01	  +3.0060445154600792E+00	  +1.6404005555555556E+00	  +3.6239288905030986E+00	  +1.5521666666666667E-01	  +3.2323577777777777E+00	
  +1.6499999999999999E+00	  +1.6499999999999999E+00	  +1.1900000000000000E+02	  +1.0284099999999999E+02	  -8.9149999999999991E+00	  +2.0491545760679791E+01	  +2.0350000000000001E+01	  +3.8630006924535415E+01	  +3.6517000000000003E+01	  +3.0120263592819732E+00	  +1.6012647222222223E+00	  +3.8891158676276643E+00	  +1.5142194444444446E-01	  +3.3655472222222222E+00	
  +1.6666666666666667E+00	  +1.6670000000000000E+00	  +1.1900000000000000E+02	  +1.1145000000000000E+02	  -9.0530000000000008E+00	  +2.0687710972199259E+01	  +2.0366000000000000E+01	  +3.9937577699127111E+01	  +3.6740000000000002E+01	  +3.0170214563825901E+00	  +1.8206255555555557E+00	  +4.1293227154656771E+00	  +1.5153305555555555E-01	  +3.4073672222222227E+00	
  +1.6833333333333333E+00	  +1.6830000000000001E+00	  +1.1900000000000000E+02	  +1.2301300000000001E+02	  -9.3659999999999997E+00	  +2.0907754291895493E+01	  +2.0481999999999999E+01	  +4.1060404374047316E+01	  +3.7640999999999998E+01	  +3.0248731434172602E+00	  +2.0099272222222222E+00	  +4.3189760064950091E+00	  +1.7539388888888888E-01	  +3.5646994444444444E+00	
  +1.7000000000000000E+00	  +1.7000000000000000E+00	  +1.1900000000000000E+02	  +1.2355000000000000E+02	  -9.3309999999999995E+00	  +2.1147214493188095E+01	  +2.0503000000000000E+01	  +4.2204707161016586E+01	  +3.8137999999999998E+01	  +3.0297897230266648E+00	  +2.0364266666666668E+00	  +4.5092452884310239E+00	  +1.7108722222222222E-01	  +3.6605105555555553E+00	
  +1.7166666666666666E+00	  +1.7170000000000001E+00	  +1.1900000000000000E+02	  +1.2206600000000000E+02	  -9.6869999999999994E+00	  +2.1400073443995446E+01	  +2.1253000000000000E+01	  +4.7564026435723491E+01	  +3.8694000000000003E+01	  +3.0443752940991384E+00	  +2.0468044444444446E+00	  +4.6255396122436805E+00	  +1.6999777777777778E-01	  +3.6124855555555557E+00	
  +1.7333333333333334E+00	  +1.7330000000000001E+00	  +1.1900000000000000E+02	  +1.2012500000000000E+02	  -9.8849999999999998E+00	  +2.1659649179572153E+01	  +2.1899999999999999E+01	  +4.8419246835700349E+01	  +3.9289999999999999E+01	  +3.0563787728672631E+00	  +2.0370355555555557E+00	  +4.7288536274230353E+00	  +1.6007944444444444E-01	  +3.5945827777777777E+00	
  +1.7500000000000000E+00	  +1.7500000000000000E+00	  +1.1900000000000000E+02	  +1.2170600000000000E+02	  -1.0050000000000001E+01	  +2.1922763130156920E+01	  +2.2303000000000001E+01	  +4.9166171193600647E+01	  +3.9677999999999997E+01	  +3.0686308191695137E+00	  +2.0112958333333335E+00	  +4.8098986855349448E+00	  +1.6580472222222223E-01	  +3.5869636111111109E+00	
  +1.7666666666666666E+00	  +1.7669999999999999E+00	  +1.1900000000000000E+02	  +1.2113700000000000E+02	  -1.0186000000000000E+01	  +2.2186371987890940E+01	  +2.2324999999999999E+01	  +5.9766055607547862E+01	  +3.9921999999999997E+01	  +3.0808910401160690E+00	  +2.0377744444444446E+00	  +4.8718197734144582E+00	  +1.6027444444444447E-01	  +3.6313191666666667E+00	
  +1.7833333333333334E+00	  +1.7829999999999999E+00	  +1.1900000000000000E+02	  +1.2159200000000000E+02	  -1.0122999999999999E+01	  +2.2448223076329022E+01	  +2.2202000000000002E+01	  +6.0417770048728826E+01	  +3.9857999999999997E+01	  +3.0902898831534595E+00	  +2.0365330555555556E+00	  +4.9190066258845020E+00	  +1.7094194444444444E-01	  +3.6445811111111110E+00	
  +1.8000000000000000E+00	  +1.8000000000000000E+00	  +1.1900000000000000E+02	  +1.1864100000000001E+02	  -1.0215000000000000E+01	  +2.2704755166135236E+01	  +2.2341000000000001E+01	  +6.0828210878823811E+01	  +3.9886000000000003E+01	  +3.1015101481923164E+00	  +2.0029938888888887E+00	  +4.9344838392213033E+00	  +1.6395305555555556E-01	  +3.6207741666666666E+00	
  +1.8166666666666667E+00	  +1.8169999999999999E+00	  +1.1900000000000000E+02	  +1.1950500000000000E+02	  -1.0298999999999999E+01	  +2.2952258833820082E+01	  +2.2628000000000000E+01	  +6.1048975006239189E+01	  +4.0063000000000002E+01	  +3.1122660225669248E+00	  +2.0095425000000002E+00	  +4.9267958434645536E+00	  +1.7407472222222223E-01	  +3.5952822222222220E+00	
  +1.8333333333333333E+00	  +1.8330000000000000E+00	  +1.1900000000000000E+02	  +1.2084000000000000E+02	  -1.0132000000000000E+01	  +2.3188601799393133E+01	  +2.2329999999999998E+01	  +6.1172286930564333E+01	  +3.9966000000000001E+01	  +3.1197763763657229E+00	  +2.0082811111111112E+00	  +4.9082772517426294E+00	  +1.7744277777777778E-01	  +3.6388358333333333E+00	
  +1.8500000000000001E+00	  +1.8500000000000001E+00	  +1.1900000000000000E+02	  +1.1956200000000000E+02	  -1.0295999999999999E+01	  +2.3413731669534524E+01	  +2.2254999999999999E+01	  +6.1316025837241639E+01	  +4.0085999999999999E+01	  +3.1304552373659127E+00	  +2.0150205555555556E+00	  +4.8942129602226743E+00	  +2.3992444444444444E-01	  +3.6789924999999997E+00	
  +1.8666666666666667E+00	  +1.8670000000000000E+00	  +9.9166666666666671E+01	  +1.2052500000000001E+02	  -1.0670000000000000E+01	  +2.3600450533275350E+01	  +2.2643999999999998E+01	  +5.8454933658894518E+01	  +4.0622000000000000E+01	  +2.4243276157950735E+00	  +2.0650822222222223E+00	  +4.4997794555550827E+00	  +2.8621333333333332E-01	  +3.7038636111111112E+00	
  +1.8833333333333333E+00	  +1.8830000000000000E+00	  +8.3299999999999997E+01	  +1.1860100000000000E+02	  -1.0654000000000000E+01	  +2.3721292399762518E+01	  +2.2521999999999998E+01	  +5.5360336744939872E+01	  +4.0655000000000001E+01	  +1.8524715972714458E+00	  +1.9891966666666667E+00	  +4.0825864789095361E+00	  +3.3343111111111112E-01	  +3.7361230555555554E+00	
  +1.8999999999999999E+00	  +1.8999999999999999E+00	  +7.5366666666666660E+01	  +1.1808100000000000E+02	  -1.0712999999999999E+01	  +2.3788200034448586E+01	  +2.2890000000000001E+01	  +5.3364134705984561E+01	  +4.1095999999999997E+01	  +1.5944026805581726E+00	  +2.0225772222222225E+00	  +3.8156297137261719E+00	  +3.8324555555555556E-01	  +3.7462541666666667E+00	
  +1.9166666666666667E+00	  +1.9170000000000000E+00	  +6.7433333333333337E+01	  +1.1685100000000000E+02	  -1.1146000000000001E+01	  +2.3811905598526220E+01	  +2.3061000000000000E+01	  +5.1107093965645902E+01	  +4.1473999999999997E+01	  +1.3459500435848135E+00	  +2.0076483333333330E+00	  +3.5183955850547495E+00	  +4.0582625000000005E+00	  +3.7857127777777779E+00	
  +1.9333333333333333E+00	  +1.9330000000000001E+00	  +6.7433333333333337E+01	  +1.1762400000000000E+02	  -1.1188000000000001E+01	  +2.3813565392850954E+01	  +2.3238000000000000E+01	  +5.1090296410292950E+01	  +4.1725999999999999E+01	  +1.3459353217220833E+00	  +1.9953644444444445E+00	  +3.5175000471092264E+00	  +4.1060183333333331E+00	  +3.7983702777777779E+00	
  +1.9500000000000000E+00	  +1.9500000000000000E+00	  +6.7433333333333337E+01	  +1.1951100000000000E+02	  -1.1167999999999999E+01	  +2.3814986842355246E+01	  +2.3145000000000000E+01	  +5.1096537509695558E+01	  +4.1951000000000001E+01	  +1.3458875175626310E+00	  +2.0021358333333334E+00	  +3.5181053859494371E+00	  +4.1249361111111114E+00	  +3.8629111111111110E+00	
  +1.9666666666666666E+00	  +1.9670000000000001E+00	  +6.3466666666666669E+01	  +1.1795200000000000E+02	  -1.1319000000000001E+01	  +2.3805248308398010E+01	  +2.3015000000000001E+01	  +4.9919884014037372E+01	  +4.2002000000000002E+01	  +1.2245209390196541E+00	  +2.0141277777777775E+00	  +3.3661938613012015E+00	  +4.1428405555555559E+00	  +3.9005280555555557E+00	
  +1.9833333333333334E+00	  +1.9830000000000001E+00	  +6.7433333333333337E+01	  +1.1690400000000000E+02	  -1.1457000000000001E+01	  +2.3795443764726866E+01	  +2.3206000000000000E+01	  +5.1000802954798701E+01	  +4.2284999999999997E+01	  +1.3464105733368243E+00	  +2.0237666666666669E+00	  +3.5099237449110054E+00	  +4.2042697222222216E+00	  +3.9164594444444445E+00	
  +2.0000000000000000E+00	  +2.0000000000000000E+00	  +6.7433333333333337E+01	  +1.1597900000000000E+02	  -1.1630000000000001E+01	  +2.3796120972332798E+01	  +2.3276000000000000E+01	  +5.0960871545919780E+01	  +4.2561999999999998E+01	  +1.3472617684473396E+00	  +1.9890900000000000E+00	  +3.5032572731413030E+00	  +4.1597755555555551E+00	  +3.9568019444444440E+00	
  +2.0166666666666666E+00	  +2.0169999999999999E+00	  +6.7433333333333337E+01	  +1.1817000000000000E+02	  -1.1789000000000000E+01	  +2.3796376168231500E+01	  +2.3209000000000000E+01	  +5.0918285820531210E+01	  +4.2570999999999998E+01	  +1.3478624733110145E+00	  +1.9879605555555557E+00	  +3.4977294752999546E+00	  +4.2142516666666667E+00	  +3.9726411111111108E+00	
  +2.0333333333333332E+00	  +2.0329999999999999E+00	  +6.7433333333333337E+01	  +1.1803000000000000E+02	  -1.1865000000000000E+01	  +2.3795841568985754E+01	  +2.3311000000000000E+01	  +5.0897531350967228E+01	  +4.2899000000000001E+01	  +1.3481374445285297E+00	  +2.0230561111111114E+00	  +3.4951279028723099E+00	  +4.2732091666666667E+00	  +4.0163508333333331E+00	
  +2.0499999999999998E+00	  +2.0499999999999998E+00	  +6.7433333333333337E+01	  +1.1646899999999999E+02	  -1.1939000000000000E+01	  +2.3794752286040726E+01	  +2.3498999999999999E+01	  +5.0876977522495238E+01	  +4.3182000000000002E+01	  +1.3483947431333583E+00	  +2.0171830555555559E+00	  +3.4926300013403364E+00	  +4.2747580555555560E+00	  +4.0328197222222224E+00	
  +2.0666666666666669E+00	  +2.0670000000000002E+00	  +6.7433333333333337E+01	  +1.0850100000000000E+02	  -1.1837000000000000E+01	  +2.3793342285964179E+01	  +2.3539999999999999E+01	  +5.0903539141973745E+01	  +4.2310000000000002E+01	  +1.3479862334968862E+00	  +1.7792830555555554E+00	  +3.4962532870593597E+00	  +4.0191455555555562E+00	  +3.8507691666666668E+00	
  +2.0833333333333335E+00	  +2.0830000000000002E+00	  +6.7433333333333337E+01	  +1.0794100000000000E+02	  -1.1856000000000000E+01	  +2.3792072186623233E+01	  +2.3265000000000001E+01	  +5.0897659929829800E+01	  +4.2018999999999998E+01	  +1.3480339951790703E+00	  +1.7538749999999999E+00	  +3.4956732455899893E+00	  +4.0135225000000005E+00	  +3.8509408333333335E+00	
  +2.1000000000000001E+00	  +2.1000000000000001E+00	  +5.9500000000000000E+01	  +1.2017300000000000E+02	  -1.2103000000000000E+01	  +2.3769660311377329E+01	  +2.2768999999999998E+01	  +4.8606852887961288E+01	  +4.2529000000000003E+01	  +1.1023040341917958E+00	  +2.0094522222222224E+00	  +3.2003797717796560E+00	  +4.2460838888888892E+00	  +4.0576100000000004E+00	
  +2.1166666666666667E+00	  +2.1170000000000000E+00	  +5.9500000000000000E+01	  +1.1906300000000000E+02	  -1.2454000000000001E+01	  +2.3726397677683643E+01	  +2.2777000000000001E+01	  +4.8490259163835155E+01	  +4.3027000000000001E+01	  +1.1014326968099892E+00	  +1.9756158333333331E+00	  +3.1942084371175974E+00	  +4.2378116666666665E+00	  +4.1547974999999999E+00	
  +2.1333333333333333E+00	  +2.1330000000000000E+00	  +5.9500000000000000E+01	  +1.2011100000000000E+02	  -1.2628000000000000E+01	  +2.3683931374026937E+01	  +2.2969000000000001E+01	  +4.8424277837739460E+01	  +4.3412999999999997E+01	  +1.1008681433462475E+00	  +1.9871747222222222E+00	  +3.1916770859545882E+00	  +4.3449536111111113E+00	  +3.4669180555555559E+00	
  +2.1499999999999999E+00	  +2.1499999999999999E+00	  +5.9500000000000000E+01	  +0.0000000000000000E+00	  -1.2134000000000000E+01	  +2.3643929484711521E+01	  +2.2661999999999999E+01	  +4.8494096432709114E+01	  +3.2094000000000001E+01	  +1.1000182960625688E+00	  -3.5297222222222223E-03	  +3.2064371814161214E+00	  +1.4999999999999999E-02	  +1.6299422222222224E+00	
  +2.1666666666666665E+00	  +2.1669999999999998E+00	  +5.9500000000000000E+01	  +4.6329000000000001E+01	  -1.0837000000000000E+01	  +2.3371951491778511E+01	  +2.1370000000000001E+01	  +2.3374127970298950E+01	  +3.1109000000000002E+01	  +6.5670032548864454E-01	  +1.7999444444444446E-01	  +0.0000000000000000E+00	  +0.0000000000000000E+00	  +0.0000000000000000E+00	
  +2.1833333333333331E+00	  +2.1829999999999998E+00	  +5.9500000000000000E+01	  +5.7289999999999999E+01	  -9.5069999999999997E+00	  +2.2879879844864526E+01	  +1.4372999999999999E+01	  +2.2884464533668204E+01	  +3.0227000000000000E+01	  +6.4875485019824675E-01	  +3.7693138888888889E-01	  +0.0000000000000000E+00	  +0.0000000000000000E+00	  +0.0000000000000000E+00	
  +2.2000000000000002E+00	  +2.2000000000000002E+00	  +5.9500000000000000E+01	  +7.8287999999999997E+01	  -7.1829999999999998E+00	  +2.2405939493162734E+01	  +1.0647000000000000E+01	  +2.2410387341465782E+01	  +2.9202000000000002E+01	  +6.3545010626762377E-01	  +6.6588722222222219E-01	  +0.0000000000000000E+00	  +0.0000000000000000E+00	  +0.0000000000000000E+00	
  +2.2166666666666668E+00	  +2.2170000000000001E+00	  +1.1900000000000000E+02	  +0.0000000000000000E+00	  -5.8799999999999999E+00	  +2.1949439349505560E+01	  +9.3300000000000001E+00	  +2.1953732206585631E+01	  +2.8399000000000001E+01	  +1.8145059847729401E+00	  -3.3250000000000003E-03	  +0.0000000000000000E+00	  +0.0000000000000000E+00	  +0.0000000000000000E+00	
  +2.2333333333333334E+00	  +2.2330000000000001E+00	  +1.1900000000000000E+02	  +4.1518000000000001E+01	  -6.0869999999999997E+00	  +2.1509457180051012E+01	  +9.5790000000000006E+00	  +2.1509737400942225E+01	  +2.6963999999999999E+01	  +1.8053735042280048E+00	  +2.6167583333333333E-01	  +0.0000000000000000E+00	  +0.0000000000000000E+00	  +0.0000000000000000E+00	
  +2.2500000000000000E+00	  +2.2500000000000000E+00	  +1.1900000000000000E+02	  +6.7680999999999997E+01	  -5.9909999999999997E+00	  +2.1085950483387265E+01	  +1.5196000000000000E+01	  +2.1091308529484312E+01	  +2.4561000000000000E+01	  +2.9915692938669767E+00	  +6.2412694444444439E-01	  +0.0000000000000000E+00	  +4.4291388888888894E-02	  +1.3918052777777776E+00	
  +2.2666666666666666E+00	  +2.2669999999999999E+00	  +1.1900000000000000E+02	  +8.4972999999999999E+01	  -7.1769999999999996E+00	  +2.0721796789371552E+01	  +1.7809999999999999E+01	  +2.3513008736793161E+01	  +3.1652999999999999E+01	  +2.9973714792770929E+00	  +1.1259247222222222E+00	  +5.9808984510309859E-01	  +6.9551666666666664E-02	  +2.4133213888888889E+00	
  +2.2833333333333332E+00	  +2.2829999999999999E+00	  +1.1900000000000000E+02	  +1.0347700000000000E+02	  -7.8090000000000002E+00	  +2.0453337560252084E+01	  +1.8940000000000001E+01	  +2.5729723726167776E+01	  +3.7280000000000001E+01	  +2.9990530048379584E+00	  +1.7861700000000000E+00	  +1.1315757149390215E+00	  +1.5106166666666668E-01	  +3.1620649999999997E+00	
  +2.2999999999999998E+00	  +2.2999999999999998E+00	  +1.1900000000000000E+02	  +1.0648699999999999E+02	  -8.3689999999999998E+00	  +2.0268210399954206E+01	  +1.9513999999999999E+01	  +2.7766807871880175E+01	  +3.8029000000000003E+01	  +3.0015867424927238E+00	  +1.6410399999999998E+00	  +1.6090778631417693E+00	  +1.6003277777777780E-01	  +3.1851763888888889E+00	
  +2.3166666666666669E+00	  +2.3170000000000002E+00	  +1.1900000000000000E+02	  +1.0788800000000001E+02	  -8.7629999999999999E+00	  +2.0155789315382457E+01	  +2.0402000000000001E+01	  +2.9677919100151961E+01	  +3.6514000000000003E+01	  +3.0037290807889678E+00	  +1.6464341666666666E+00	  +2.0439276969698912E+00	  +1.4148333333333332E-01	  +3.3537647222222220E+00	
  +2.3333333333333335E+00	  +2.3330000000000002E+00	  +1.1900000000000000E+02	  +1.1513700000000000E+02	  -9.0790000000000006E+00	  +2.0107520731418152E+01	  +2.0741000000000000E+01	  +3.1472945843994125E+01	  +3.7225000000000001E+01	  +3.0062661401336719E+00	  +1.9171000000000000E+00	  +2.4399803828770321E+00	  +1.5411249999999999E-01	  +3.4252272222222220E+00	
  +2.3500000000000001E+00	  +2.3500000000000001E+00	  +1.1900000000000000E+02	  +1.1963700000000000E+02	  -9.3650000000000002E+00	  +2.0115924188427481E+01	  +2.1015999999999998E+01	  +3.3151964639057425E+01	  +3.8247000000000000E+01	  +3.0095892482861424E+00	  +1.9987808333333332E+00	  +2.7985579056869789E+00	  +1.5999055555555555E-01	  +3.5728611111111110E+00	
  +2.3666666666666667E+00	  +2.3670000000000000E+00	  +1.1900000000000000E+02	  +1.2012700000000000E+02	  -9.5380000000000003E+00	  +2.0174119582339273E+01	  +2.1050000000000001E+01	  +3.4751868685024810E+01	  +3.8478999999999999E+01	  +3.0126464489089742E+00	  +1.9822897222222224E+00	  +3.1289283795733667E+00	  +1.5999055555555555E-01	  +3.6126155555555552E+00	
  +2.3833333333333333E+00	  +2.3830000000000000E+00	  +1.1900000000000000E+02	  +1.1967800000000000E+02	  -9.5730000000000004E+00	  +2.0276646122539098E+01	  +2.1289999999999999E+01	  +3.6299862613715092E+01	  +3.8689000000000000E+01	  +3.0150540864157707E+00	  +2.0048591666666669E+00	  +3.4380160526407471E+00	  +1.5988611111111112E-01	  +3.6036527777777776E+00	
  +2.3999999999999999E+00	  +2.3999999999999999E+00	  +1.1900000000000000E+02	  +1.2072000000000000E+02	  -9.8300000000000001E+00	  +2.0416751849190611E+01	  +2.1722000000000001E+01	  +3.7661071238149511E+01	  +3.9125000000000000E+01	  +3.0206534507411864E+00	  +2.0053672222222221E+00	  +3.6983122237344648E+00	  +1.6826611111111112E-01	  +3.5994916666666668E+00	
  +2.4166666666666665E+00	  +2.4169999999999998E+00	  +1.1900000000000000E+02	  +1.1813500000000001E+02	  -9.9339999999999993E+00	  +2.0588120007365294E+01	  +2.1861000000000001E+01	  +3.8949890801076307E+01	  +3.9340000000000003E+01	  +3.0247891731699998E+00	  +1.9830230555555555E+00	  +3.9402504816045969E+00	  +1.6751194444444445E-01	  +3.6131019444444443E+00	
  +2.4333333333333331E+00	  +2.4329999999999998E+00	  +1.1900000000000000E+02	  +1.1901700000000000E+02	  -9.7710000000000008E+00	  +2.0787902430270343E+01	  +2.1331000000000000E+01	  +4.0271271705701714E+01	  +3.9201000000000001E+01	  +3.0269199122781214E+00	  +1.9741094444444445E+00	  +4.1780215630508239E+00	  +1.8451833333333331E-01	  +3.6978716666666664E+00	
  +2.4500000000000002E+00	  +2.4500000000000002E+00	  +1.1900000000000000E+02	  +1.1971599999999999E+02	  -9.8819999999999997E+00	  +2.1011022278940569E+01	  +2.1276000000000000E+01	  +4.1381824302137197E+01	  +3.9103000000000002E+01	  +3.0326096829243179E+00	  +1.9993550000000000E+00	  +4.3641602951230904E+00	  +1.7478361111111113E-01	  +3.6898641666666667E+00	
  +2.4666666666666668E+00	  +2.4670000000000001E+00	  +1.1900000000000000E+02	  +1.1814200000000000E+02	  -1.0019000000000000E+01	  +2.1250512852361254E+01	  +2.1687999999999999E+01	  +4.2356215340096185E+01	  +3.9402000000000001E+01	  +3.0415623521195747E+00	  +2.0130711111111110E+00	  +4.5174232486139081E+00	  +1.8690666666666667E-01	  +3.6622375000000003E+00	
  +2.4833333333333334E+00	  +2.4830000000000001E+00	  +1.1900000000000000E+02	  +1.1854400000000000E+02	  -1.0083000000000000E+01	  +2.1501885596400676E+01	  +2.2045000000000002E+01	  +4.7809309773387596E+01	  +3.9805000000000000E+01	  +3.0527609982783814E+00	  +1.9943766666666667E+00	  +4.6493538173319573E+00	  +2.2792250000000000E-01	  +3.6671550000000002E+00	
  +2.5000000000000000E+00	  +2.5000000000000000E+00	  +1.1900000000000000E+02	  +1.1767200000000000E+02	  -1.0199999999999999E+01	  +2.1761187904874898E+01	  +2.1969000000000001E+01	  +4.8670580933250172E+01	  +4.0308999999999997E+01	  +3.0638570920374657E+00	  +2.0047199999999998E+00	  +4.7537473523360640E+00	  +3.4281166666666668E-01	  +3.7844058333333335E+00	
  +2.5166666666666666E+00	  +2.5169999999999999E+00	  +1.1900000000000000E+02	  +1.1693700000000000E+02	  -1.0419000000000000E+01	  +2.2023500174271920E+01	  +2.2198000000000000E+01	  +4.9369641794332658E+01	  +4.0524999999999999E+01	  +3.0767008468344494E+00	  +1.9800861111111112E+00	  +4.8263218069406522E+00	  +4.1248122222222223E+00	  +3.7789244444444448E+00	
  +2.5333333333333332E+00	  +2.5329999999999999E+00	  +1.1900000000000000E+02	  +1.1929200000000000E+02	  -1.0733000000000001E+01	  +2.2284266799833656E+01	  +2.2695000000000000E+01	  +5.9848674978182274E+01	  +4.0866999999999997E+01	  +3.0907901658084080E+00	  +2.0181675000000001E+00	  +4.8682818303829380E+00	  +3.6939416666666663E-01	  +3.7419741666666666E+00	
  +2.5499999999999998E+00	  +2.5499999999999998E+00	  +1.1900000000000000E+02	  +1.1821100000000000E+02	  -1.0513999999999999E+01	  +2.2541671843303927E+01	  +2.2635999999999999E+01	  +6.0467482193130053E+01	  +4.1060000000000002E+01	  +3.0983031152131084E+00	  +2.0058258333333332E+00	  +4.9118002068185209E+00	  +3.6939416666666663E-01	  +3.7927947222222222E+00	
  +2.5666666666666669E+00	  +2.5670000000000002E+00	  +1.1900000000000000E+02	  +1.1856900000000000E+02	  -1.0720000000000001E+01	  +2.2792571019822276E+01	  +2.2329999999999998E+01	  +6.0756427688941059E+01	  +4.1109000000000002E+01	  +3.1105925127986835E+00	  +2.0267663888888889E+00	  +4.9122586156574179E+00	  +4.1816847222222222E+00	  +3.8675613888888889E+00	
  +2.5833333333333335E+00	  +2.5830000000000002E+00	  +1.1900000000000000E+02	  +1.1656600000000000E+02	  -1.0939000000000000E+01	  +2.3032496605932728E+01	  +2.2355000000000000E+01	  +6.0853832252896048E+01	  +4.1369000000000000E+01	  +3.1225404009722921E+00	  +1.9957366666666667E+00	  +4.8897423554957786E+00	  +4.1505638888888887E+00	  +3.9142380555555554E+00	
  +2.6000000000000001E+00	  +2.6000000000000001E+00	  +1.1900000000000000E+02	  +1.1749900000000000E+02	  -1.0990000000000000E+01	  +2.3260459300530229E+01	  +2.2456000000000000E+01	  +6.0964962496010465E+01	  +4.1686999999999998E+01	  +3.1320857965932425E+00	  +2.0393100000000000E+00	  +4.8710510635340816E+00	  +4.2160058333333330E+00	  +3.9562222222222223E+00	
  +2.6166666666666667E+00	  +2.6170000000000000E+00	  +1.1900000000000000E+02	  +1.1614100000000001E+02	  -1.1144000000000000E+01	  +2.3476567395542563E+01	  +2.2329999999999998E+01	  +6.1023938023617731E+01	  +4.1869999999999997E+01	  +3.1423344173099639E+00	  +1.9887975000000000E+00	  +4.8472500884152474E+00	  +4.2824263888888892E+00	  +4.0193994444444447E+00	
  +2.6333333333333333E+00	  +2.6330000000000000E+00	  +1.0313333333333334E+02	  +1.1655400000000000E+02	  -1.1144000000000000E+01	  +2.3661575638115099E+01	  +2.2216000000000001E+01	  +5.8972801850396984E+01	  +4.1844000000000001E+01	  +2.5697339220957809E+00	  +1.9695344444444443E+00	  +4.5566797341947192E+00	  +4.3235291666666669E+00	  +4.0385652777777779E+00	
  +2.6499999999999999E+00	  +2.6499999999999999E+00	  +8.7266666666666666E+01	  +1.1700400000000000E+02	  -1.1401999999999999E+01	  +2.3789729429606265E+01	  +2.2853999999999999E+01	  +5.6013520088600210E+01	  +4.2131000000000000E+01	  +2.0063675336562645E+00	  +1.9828580555555555E+00	  +4.1568716098635994E+00	  +4.2405727777777775E+00	  +3.9604483333333333E+00	
  +2.6666666666666665E+00	  +2.6669999999999998E+00	  +7.9333333333333329E+01	  +1.1612000000000000E+02	  -1.1472000000000000E+01	  +2.3866365255364705E+01	  +2.3059999999999999E+01	  +5.4186244460334102E+01	  +4.2493000000000002E+01	  +1.7330126592561179E+00	  +1.9971308333333333E+00	  +3.9105829029594528E+00	  +4.1865861111111107E+00	  +3.9888244444444445E+00	
  +2.6833333333333331E+00	  +2.6829999999999998E+00	  +7.1399999999999991E+01	  +1.1614400000000001E+02	  -1.1548000000000000E+01	  +2.3903182071417032E+01	  +2.3137000000000000E+01	  +5.2184302954334896E+01	  +4.2600999999999999E+01	  +1.4713449599999999E+00	  +1.9885863888888888E+00	  +3.6446280000000000E+00	  +4.2670658333333336E+00	  +3.9939286111111110E+00	
  +2.7000000000000002E+00	  +2.7000000000000002E+00	  +7.1399999999999991E+01	  +1.1659099999999999E+02	  -1.1661000000000000E+01	  +2.3919562979533325E+01	  +2.3100000000000001E+01	  +5.2157625629898227E+01	  +4.2807000000000002E+01	  +1.4719687200000000E+00	  +1.9873536111111112E+00	  +3.6402209999999995E+00	  +4.2794900000000000E+00	  +4.0425288888888886E+00	
  +2.7166666666666668E+00	  +2.7170000000000001E+00	  +6.7433333333333337E+01	  +1.1719900000000000E+02	  -1.1598000000000001E+01	  +2.3924617714983722E+01	  +2.2548999999999999E+01	  +5.1070446714358390E+01	  +4.2914000000000001E+01	  +1.3490806400000002E+00	  +2.0181005555555558E+00	  +3.4979359999999997E+00	  +4.3257880555555550E+00	  +4.1806400000000004E+00	
  +2.7333333333333334E+00	  +2.7330000000000001E+00	  +6.7433333333333337E+01	  +1.1917800000000000E+02	  -1.1755000000000001E+01	  +2.3918627313144331E+01	  +2.2305000000000000E+01	  +5.1011232293414615E+01	  +4.2838999999999999E+01	  +1.3496584000000003E+00	  +2.0063422222222225E+00	  +3.4924933333333330E+00	  +4.4064838888888893E+00	  +4.2175302777777777E+00	
  +2.7500000000000000E+00	  +2.7500000000000000E+00	  +6.3466666666666669E+01	  +1.2015000000000001E+02	  -1.1972000000000000E+01	  +2.3901466246611658E+01	  +2.2491000000000000E+01	  +4.9835365285492649E+01	  +4.3295999999999999E+01	  +1.2272284800000002E+00	  +2.0074394444444446E+00	  +3.3418493333333341E+00	  +4.4538774999999999E+00	  +4.2687783333333336E+00	
  +2.7666666666666666E+00	  +2.7669999999999999E+00	  +7.1399999999999991E+01	  +1.1752500000000001E+02	  -1.1999000000000001E+01	  +2.3894963798414764E+01	  +2.2603000000000002E+01	  +5.2025515589492763E+01	  +4.3601999999999997E+01	  +1.4735298784881463E+00	  +2.0135408333333333E+00	  +3.6281150379494829E+00	  +4.4752752777777776E+00	  +4.3056541666666668E+00	
  +2.7833333333333332E+00	  +2.7829999999999999E+00	  +7.1399999999999991E+01	  +1.1484200000000000E+02	  -1.2130000000000001E+01	  +2.3908920719887277E+01	  +2.3213000000000001E+01	  +5.2004128598634644E+01	  +4.3960000000000001E+01	  +1.4745576000000002E+00	  +1.9952738888888888E+00	  +3.6219299999999994E+00	  +4.3794852777777784E+00	  +4.2472613888888890E+00	
  +2.7999999999999998E+00	  +2.7999999999999998E+00	  +7.1399999999999991E+01	  +1.0905400000000000E+02	  -1.2215999999999999E+01	  +2.3921883520388501E+01	  +2.3436000000000000E+01	  +5.1992251424377280E+01	  +4.3128000000000000E+01	  +1.4750323200000000E+00	  +1.7644086111111112E+00	  +3.6185760000000009E+00	  +4.1363402777777782E+00	  +4.0352113888888894E+00	
  +2.8166666666666669E+00	  +2.8170000000000002E+00	  +7.1399999999999991E+01	  +1.0237900000000000E+02	  -1.2253000000000000E+01	  +2.3933785704005416E+01	  +2.3379000000000001E+01	  +5.1994039978676035E+01	  +4.1902999999999999E+01	  +1.4752365599999999E+00	  +1.5539719444444444E+00	  +3.6171330000000004E+00	  +3.8547950000000002E+00	  +3.8037005555555554E+00	
  +2.8333333333333335E+00	  +2.8330000000000002E+00	  +7.1399999999999991E+01	  +1.0090600000000001E+02	  -1.2464000000000000E+01	  +2.3944914083072973E+01	  +2.3306000000000001E+01	  +5.1942338705241774E+01	  +4.1527999999999999E+01	  +1.4764012800000004E+00	  +1.5416738888888888E+00	  +3.6089039999999999E+00	  +3.8305075000000000E+00	  +3.7445822222222218E+00	
  +2.8500000000000001E+00	  +2.8500000000000001E+00	  +7.1399999999999991E+01	  +1.0229400000000000E+02	  -1.2648000000000000E+01	  +2.3954939012033911E+01	  +2.3024000000000001E+01	  +5.1897598988217332E+01	  +4.1149999999999999E+01	  +1.4774169600000000E+00	  +1.5178827777777777E+00	  +3.6017279999999996E+00	  +3.7964008333333332E+00	  +3.7286316666666668E+00	
  +2.8666666666666667E+00	  +2.8670000000000000E+00	  +7.1399999999999991E+01	  +1.0797300000000000E+02	  -1.2663000000000000E+01	  +2.3963498138059013E+01	  +2.2859999999999999E+01	  +5.1902392878272011E+01	  +4.1905000000000001E+01	  +1.4774997600000002E+00	  +1.7182880555555557E+00	  +3.6011430000000004E+00	  +3.9957444444444445E+00	  +3.9140263888888893E+00	
  +2.8833333333333333E+00	  +1.7000000000000001E-02	  +5.5533333333333331E+01	  +7.4834999999999994E+01	  -5.9580000000000002E+00	  +2.3950733396658904E+01	  +1.4722000000000000E+01	  +4.9707315221738838E+01	  +2.6042000000000002E+01	  +9.6952543999999996E-01	  +6.3829583333333328E-01	  +3.3218813333333337E+00	  +0.0000000000000000E+00	  +0.0000000000000000E+00	
