 TIME                    	time                     	freq                     	Toa                      	Tr                       	Ts-exp                   	Ts-sim                   	Pel-exp                  	Pel-sim                  	Qh-exp                   	Qh-sim                   	Qhair-exp                	
  +0.0000000000000000E+00	  +1.7000000000000001E-02	  +5.3497000000000000E+01	  +1.0237000000000000E+01	  +2.3219000000000001E+01	  +4.1442000000000000E+01	  +4.2803190676231331E+01	  +7.6580027777777770E-01	  +8.1979641637618061E-01	  +3.9328391666666667E+00	  +4.2518938304076519E+00	  +3.7457797222222222E+00
  +1.6666666666666666E-02	  +1.7000000000000001E-02	  +5.3497000000000000E+01	  +1.0237000000000000E+01	  +2.3219000000000001E+01	  +4.1442000000000000E+01	  +4.2803190676231331E+01	  +7.6580027777777770E-01	  +8.1979641637618061E-01	  +3.9328391666666667E+00	  +4.2518938304076519E+00	  +3.7457797222222222E+00	
  +3.3333333333333333E-02	  +3.3000000000000002E-02	  +5.2963999999999999E+01	  +1.0090000000000000E+01	  +2.3260999999999999E+01	  +4.1554000000000002E+01	  +4.2657069112521597E+01	  +7.7146861111111109E-01	  +8.1001436668386562E-01	  +3.9047650000000003E+00	  +4.2112260569231692E+00	  +3.7593250000000000E+00	
  +5.0000000000000003E-02	  +5.0000000000000003E-02	  +5.1744999999999997E+01	  +9.9399999999999995E+00	  +2.3216999999999999E+01	  +4.1500000000000000E+01	  +4.2205578953355968E+01	  +7.5902027777777781E-01	  +7.8203365946490355E-01	  +3.9234202777777778E+00	  +4.1225733266983253E+00	  +3.7577769444444442E+00	
  +6.6666666666666666E-02	  +6.7000000000000004E-02	  +5.3386000000000003E+01	  +9.7530000000000001E+00	  +2.3234999999999999E+01	  +4.1472000000000001E+01	  +4.2465672557400460E+01	  +7.7409055555555562E-01	  +8.2307442653200702E-01	  +3.9272027777777780E+00	  +4.1752081059070694E+00	  +3.7484575000000002E+00	
  +8.3333333333333329E-02	  +8.3000000000000004E-02	  +5.2743000000000002E+01	  +1.0147000000000000E+01	  +2.3388000000000002E+01	  +4.1591999999999999E+01	  +4.2680660430919581E+01	  +7.6442277777777778E-01	  +8.0499103650070603E-01	  +3.9284438888888888E+00	  +4.1893030362732286E+00	  +3.7399138888888892E+00	
  +1.0000000000000001E-01	  +1.0000000000000001E-01	  +5.4930000000000000E+01	  +9.8640000000000008E+00	  +2.3295000000000002E+01	  +4.1546999999999997E+01	  +4.3061500598628413E+01	  +7.7026722222222221E-01	  +8.6048978084033600E-01	  +3.9146500000000000E+00	  +4.2917978976590643E+00	  +3.7506877777777778E+00	
  +1.1666666666666667E-01	  +1.1700000000000001E-01	  +5.4722000000000001E+01	  +9.9580000000000002E+00	  +2.3126000000000001E+01	  +4.1457000000000001E+01	  +4.3011796697968592E+01	  +7.5491388888888888E-01	  +8.5293943912733572E-01	  +3.9274955555555557E+00	  +4.3169792003742673E+00	  +3.7685380555555552E+00	
  +1.3333333333333333E-01	  +1.3300000000000001E-01	  +5.5549999999999997E+01	  +1.0016999999999999E+01	  +2.3213000000000001E+01	  +4.1481000000000002E+01	  +4.3349231295254185E+01	  +7.7165638888888899E-01	  +8.7318480928550402E-01	  +3.9278266666666664E+00	  +4.3717206070033008E+00	  +3.7548699999999999E+00	
  +1.4999999999999999E-01	  +1.4999999999999999E-01	  +5.3893000000000001E+01	  +9.8559999999999999E+00	  +2.3106000000000002E+01	  +4.1417999999999999E+01	  +4.2647742971632979E+01	  +7.6854916666666673E-01	  +8.3335489430588239E-01	  +3.9322111111111107E+00	  +4.2422056686851199E+00	  +3.7649238888888892E+00	
  +1.6666666666666666E-01	  +1.6700000000000001E-01	  +5.2957999999999998E+01	  +1.0080000000000000E+01	  +2.3234000000000002E+01	  +4.1399000000000001E+01	  +4.2637424745962022E+01	  +7.6128111111111119E-01	  +8.0976907460571435E-01	  +3.9342705555555555E+00	  +4.2127104967250881E+00	  +3.7341211111111110E+00	
  +1.8333333333333332E-01	  +1.8300000000000000E-01	  +5.3256999999999998E+01	  +9.9909999999999997E+00	  +2.3210999999999999E+01	  +4.1427000000000000E+01	  +4.2686462148514941E+01	  +7.7053305555555551E-01	  +8.1822573530725407E-01	  +3.9197219444444444E+00	  +4.2282545185809619E+00	  +3.7445341666666669E+00	
  +2.0000000000000001E-01	  +2.0000000000000001E-01	  +5.3000999999999998E+01	  +1.0048000000000000E+01	  +2.3129999999999999E+01	  +4.1386000000000003E+01	  +4.2581454288977355E+01	  +7.6769472222222224E-01	  +8.1030596328000004E-01	  +3.9292155555555555E+00	  +4.2227050409579823E+00	  +3.7534822222222224E+00	
  +2.1666666666666667E-01	  +2.1700000000000000E-01	  +5.3841000000000001E+01	  +9.9710000000000001E+00	  +2.3155000000000001E+01	  +4.1405999999999999E+01	  +4.2794829148081476E+01	  +7.6720083333333322E-01	  +8.3187043349227630E-01	  +3.9184677777777779E+00	  +4.2637041553297781E+00	  +3.7522027777777778E+00	
  +2.3333333333333334E-01	  +2.3300000000000001E-01	  +5.3366000000000000E+01	  +1.0064000000000000E+01	  +2.3082000000000001E+01	  +4.1323999999999998E+01	  +4.2658094837666688E+01	  +7.5926555555555564E-01	  +8.1832377156759661E-01	  +3.9281138888888885E+00	  +4.2495627842852342E+00	  +3.7512194444444442E+00	
  +2.5000000000000000E-01	  +2.5000000000000000E-01	  +5.4560000000000002E+01	  +1.0105000000000000E+01	  +2.2849000000000000E+01	  +4.1106000000000002E+01	  +4.2864115768213473E+01	  +7.7145416666666666E-01	  +8.4394565881176464E-01	  +3.9293925000000001E+00	  +4.3438780822208880E+00	  +3.7569233333333334E+00	
  +2.6666666666666666E-01	  +2.6700000000000002E-01	  +5.6704999999999998E+01	  +9.8859999999999992E+00	  +2.2864999999999998E+01	  +4.1838000000000001E+01	  +4.3336707360159018E+01	  +8.2462944444444453E-01	  +8.9871066051717763E-01	  +4.1062149999999997E+00	  +4.4430410122431319E+00	  +3.8996399999999998E+00	
  +2.8333333333333333E-01	  +2.8299999999999997E-01	  +5.8826000000000001E+01	  +9.8339999999999996E+00	  +2.3236000000000001E+01	  +4.2893999999999998E+01	  +4.4083373127088045E+01	  +8.9485861111111109E-01	  +9.5475550367296103E-01	  +4.2406291666666664E+00	  +4.5262175368971107E+00	  +4.0311397222222221E+00	
  +2.9999999999999999E-01	  +2.9999999999999999E-01	  +5.9497000000000000E+01	  +9.6500000000000004E+00	  +2.2649999999999999E+01	  +4.2759999999999998E+01	  +4.3721236420171493E+01	  +9.0938583333333334E-01	  +9.6618527833044965E-01	  +4.2906388888888891E+00	  +4.5722107641586041E+00	  +4.1286030555555557E+00	
  +3.1666666666666665E-01	  +3.1700000000000000E-01	  +6.1908000000000001E+01	  +9.9070000000000000E+00	  +2.2803999999999998E+01	  +4.3290999999999997E+01	  +4.4726775946495863E+01	  +9.6158166666666667E-01	  +1.0330629721550173E+00	  +4.3800847222222226E+00	  +4.7576901206129518E+00	  +4.2015358333333337E+00	
  +3.3333333333333331E-01	  +3.3300000000000002E-01	  +5.9951999999999998E+01	  +9.8659999999999997E+00	  +2.3327000000000002E+01	  +4.4268000000000001E+01	  +4.4474701777563141E+01	  +9.3589666666666671E-01	  +9.8460194630528952E-01	  +4.5480149999999995E+00	  +4.5918369045971321E+00	  +4.2840422222222223E+00	
  +3.4999999999999998E-01	  +3.4999999999999998E-01	  +5.8045999999999999E+01	  +9.8689999999999998E+00	  +2.3312999999999999E+01	  +4.2936999999999998E+01	  +4.3950668735046094E+01	  +8.8789611111111111E-01	  +9.3625056334970336E-01	  +4.3650236111111109E+00	  +4.4810302086540492E+00	  +4.0234330555555555E+00	
  +3.6666666666666664E-01	  +3.6699999999999999E-01	  +5.8999000000000002E+01	  +9.6780000000000008E+00	  +2.3271000000000001E+01	  +4.2381999999999998E+01	  +4.3960174035522272E+01	  +8.8274777777777769E-01	  +9.6130728926418685E-01	  +4.3168366666666662E+00	  +4.4920262772667900E+00	  +3.9220530555555553E+00	
  +3.8333333333333336E-01	  +3.8300000000000001E-01	  +5.8985999999999997E+01	  +9.7219999999999995E+00	  +2.3210000000000001E+01	  +4.2292000000000002E+01	  +4.3976529924812581E+01	  +8.9586305555555557E-01	  +9.5971499870341070E-01	  +4.3512933333333335E+00	  +4.5085496083256817E+00	  +3.9169836111111112E+00	
  +4.0000000000000002E-01	  +4.0000000000000002E-01	  +5.9494999999999997E+01	  +9.7390000000000008E+00	  +2.3263000000000002E+01	  +4.2195999999999998E+01	  +4.4168650907361261E+01	  +8.7871388888888891E-01	  +9.7255259377638426E-01	  +4.3341158333333327E+00	  +4.5389916772738497E+00	  +3.8867541666666670E+00	
  +4.1666666666666669E-01	  +4.1699999999999998E-01	  +5.9396999999999998E+01	  +9.6890000000000001E+00	  +2.3187999999999999E+01	  +4.2076999999999998E+01	  +4.4038341191552725E+01	  +8.7891583333333334E-01	  +9.6989930061957497E-01	  +4.3357813888888890E+00	  +4.5266472561612883E+00	  +3.8787430555555558E+00	
  +4.3333333333333335E-01	  +4.3300000000000000E-01	  +5.7999000000000002E+01	  +9.4570000000000007E+00	  +2.3245000000000001E+01	  +4.2164999999999999E+01	  +4.3400321905818160E+01	  +8.9536361111111118E-01	  +9.3902252842146583E-01	  +4.3424744444444441E+00	  +4.3760037956094209E+00	  +3.8843350000000001E+00	
  +4.5000000000000001E-01	  +4.5000000000000001E-01	  +5.9207999999999998E+01	  +9.6839999999999993E+00	  +2.3103999999999999E+01	  +4.2069000000000003E+01	  +4.3932982714284748E+01	  +8.6679944444444446E-01	  +9.6432316595392975E-01	  +4.3516136111111106E+00	  +4.5216363280841749E+00	  +3.8949616666666667E+00	
  +4.6666666666666667E-01	  +4.6700000000000003E-01	  +5.8491999999999997E+01	  +9.6989999999999998E+00	  +2.3010999999999999E+01	  +4.2061000000000000E+01	  +4.3699130244869202E+01	  +8.8708777777777781E-01	  +9.4555157015190316E-01	  +4.3507972222222229E+00	  +4.4906502768166101E+00	  +3.9131555555555555E+00	
  +4.8333333333333334E-01	  +4.8299999999999998E-01	  +6.0418999999999997E+01	  +9.6600000000000001E+00	  +2.3029000000000000E+01	  +4.2020000000000003E+01	  +4.4170180966464351E+01	  +8.8578000000000001E-01	  +9.9687207127731081E-01	  +4.3408369444444448E+00	  +4.5890721008403359E+00	  +3.9010447222222222E+00	
  +5.0000000000000000E-01	  +5.0000000000000000E-01	  +5.8457999999999998E+01	  +9.6410000000000000E+00	  +2.3079000000000001E+01	  +4.2067999999999998E+01	  +4.3657154482361129E+01	  +8.7830972222222226E-01	  +9.4616273328049927E-01	  +4.3521233333333331E+00	  +4.4670759309900427E+00	  +3.9000275000000002E+00	
  +5.1666666666666672E-01	  +5.1700000000000002E-01	  +5.8866000000000000E+01	  +9.7449999999999992E+00	  +2.3193000000000001E+01	  +4.2110999999999997E+01	  +4.3961730904385888E+01	  +8.7325916666666670E-01	  +9.5630920354411764E-01	  +4.3407594444444442E+00	  +4.5089517626050419E+00	  +3.8845944444444447E+00	
  +5.3333333333333333E-01	  +5.3300000000000003E-01	  +6.0037999999999997E+01	  +9.4990000000000006E+00	  +2.3109000000000002E+01	  +4.2011000000000003E+01	  +4.3920573857000484E+01	  +8.9959999999999996E-01	  +9.8907273313615929E-01	  +4.3611975000000003E+00	  +4.5178793391003458E+00	  +3.8823383333333332E+00	
  +5.5000000000000004E-01	  +5.5000000000000004E-01	  +5.8866000000000000E+01	  +9.6389999999999993E+00	  +2.3216000000000001E+01	  +4.2149000000000001E+01	  +4.3844872519322436E+01	  +8.8032527777777769E-01	  +9.5785875417271360E-01	  +4.3575350000000004E+00	  +4.4786898361697611E+00	  +3.8873086111111110E+00	
  +5.6666666666666665E-01	  +5.6699999999999995E-01	  +5.8878999999999998E+01	  +9.7609999999999992E+00	  +2.3120999999999999E+01	  +4.2109999999999999E+01	  +4.3944810511869591E+01	  +8.6236138888888891E-01	  +9.5559853254252347E-01	  +4.3635530555555553E+00	  +4.5205890524768719E+00	  +3.8997800000000002E+00	
  +5.8333333333333337E-01	  +5.8299999999999996E-01	  +5.8802999999999997E+01	  +9.7390000000000008E+00	  +2.2960000000000001E+01	  +4.1968000000000004E+01	  +4.3806759158869227E+01	  +8.7245638888888888E-01	  +9.5211059742436988E-01	  +4.3488783333333334E+00	  +4.5248576566626655E+00	  +3.9054550000000003E+00	
  +5.9999999999999998E-01	  +5.9999999999999998E-01	  +5.8451999999999998E+01	  +9.6600000000000001E+00	  +2.3233000000000001E+01	  +4.2046999999999997E+01	  +4.3765073313376369E+01	  +8.7306000000000006E-01	  +9.4767551872268918E-01	  +4.3461074999999996E+00	  +4.4577488943577430E+00	  +3.8633505555555554E+00	
  +6.1666666666666670E-01	  +6.1699999999999999E-01	  +5.9744999999999997E+01	  +9.7840000000000007E+00	  +2.3177000000000000E+01	  +4.2030000000000001E+01	  +4.4238940647962750E+01	  +8.7416861111111110E-01	  +9.7805163693598629E-01	  +4.3336705555555559E+00	  +4.5725362679189310E+00	  +3.8718302777777778E+00	
  +6.3333333333333330E-01	  +6.3300000000000001E-01	  +6.0814999999999998E+01	  +9.7799999999999994E+00	  +2.3396000000000001E+01	  +4.2048000000000002E+01	  +4.4620439641183673E+01	  +8.7235527777777777E-01	  +1.0112402354325261E+00	  +4.3229300000000004E+00	  +4.6088158428077106E+00	  +3.8291027777777780E+00	
  +6.5000000000000002E-01	  +6.5000000000000002E-01	  +5.8996000000000002E+01	  +9.6400000000000006E+00	  +2.3364000000000001E+01	  +4.2140000000000001E+01	  +4.3964524788296728E+01	  +8.9405000000000001E-01	  +9.6285678632525962E-01	  +4.3402583333333338E+00	  +4.4731921186356898E+00	  +3.8541452777777780E+00	
  +6.6666666666666663E-01	  +6.6700000000000004E-01	  +5.8262999999999998E+01	  +9.4979999999999993E+00	  +2.3387000000000000E+01	  +4.2164000000000001E+01	  +4.3602599744583294E+01	  +8.9556305555555560E-01	  +9.4691087055785972E-01	  +4.3304686111111108E+00	  +4.3897102335198772E+00	  +3.8540758333333334E+00	
  +6.8333333333333335E-01	  +6.8300000000000005E-01	  +5.8052000000000000E+01	  +9.7840000000000007E+00	  +2.3341000000000001E+01	  +4.2216999999999999E+01	  +4.3865212320026949E+01	  +8.8759305555555557E-01	  +9.3771133608245216E-01	  +4.3334952777777778E+00	  +4.4565196126685960E+00	  +3.8744655555555552E+00	
  +6.9999999999999996E-01	  +6.9999999999999996E-01	  +5.9982999999999997E+01	  +9.5570000000000004E+00	  +2.3181000000000001E+01	  +4.2079000000000001E+01	  +4.4018791710360006E+01	  +8.8709388888888885E-01	  +9.8774607378832191E-01	  +4.3408644444444446E+00	  +4.5238914985170542E+00	  +3.8806775000000000E+00	
  +7.1666666666666667E-01	  +7.1699999999999997E-01	  +6.0787999999999997E+01	  +9.4009999999999998E+00	  +2.3187999999999999E+01	  +4.2005000000000003E+01	  +4.4024617106121411E+01	  +8.7619000000000002E-01	  +1.0128077157674740E+00	  +4.3381361111111110E+00	  +4.5236677320810674E+00	  +3.8644472222222221E+00	
  +7.3333333333333328E-01	  +7.3299999999999998E-01	  +5.8472999999999999E+01	  +9.7539999999999996E+00	  +2.3251999999999999E+01	  +4.2055999999999997E+01	  +4.3896017148689282E+01	  +8.7144555555555558E-01	  +9.4730562787760786E-01	  +4.3339238888888891E+00	  +4.4821374644446008E+00	  +3.8609547222222220E+00	
  +7.5000000000000000E-01	  +7.5000000000000000E-01	  +5.8475000000000001E+01	  +9.7409999999999997E+00	  +2.3195000000000000E+01	  +4.2109000000000002E+01	  +4.3848763533635008E+01	  +8.8416277777777774E-01	  +9.4684295420631470E-01	  +4.3457291666666666E+00	  +4.4840008648312253E+00	  +3.8837522222222223E+00	
  +7.6666666666666672E-01	  +7.6700000000000002E-01	  +5.8485999999999997E+01	  +9.6430000000000007E+00	  +2.3167000000000002E+01	  +4.2006999999999998E+01	  +4.3716778975183587E+01	  +8.9042027777777777E-01	  +9.4790155518529395E-01	  +4.3354366666666664E+00	  +4.4613022524009596E+00	  +3.8692355555555555E+00	
  +7.8333333333333333E-01	  +7.8300000000000003E-01	  +5.9332999999999998E+01	  +9.3840000000000003E+00	  +2.3059999999999999E+01	  +4.1939999999999998E+01	  +4.3574395474690036E+01	  +8.8749222222222224E-01	  +9.7033986344636658E-01	  +4.3203327777777778E+00	  +4.4531522555610472E+00	  +3.8785591666666668E+00	
  +8.0000000000000004E-01	  +8.0000000000000004E-01	  +5.8369999999999997E+01	  +9.7029999999999994E+00	  +2.3303000000000001E+01	  +4.2091999999999999E+01	  +4.3833939217669837E+01	  +8.7800361111111114E-01	  +9.4599819039631738E-01	  +4.3365886111111109E+00	  +4.4578118956111847E+00	  +3.8575530555555559E+00	
  +8.1666666666666665E-01	  +8.1699999999999995E-01	  +5.8838000000000001E+01	  +9.5299999999999994E+00	  +2.3273000000000000E+01	  +4.2100999999999999E+01	  +4.3735601206172070E+01	  +8.8789333333333342E-01	  +9.5922270072886817E-01	  +4.3504283333333333E+00	  +4.4428416708389245E+00	  +3.8657019444444445E+00	
  +8.3333333333333337E-01	  +8.3299999999999996E-01	  +5.8670999999999999E+01	  +9.5129999999999999E+00	  +2.3196999999999999E+01	  +4.1988999999999997E+01	  +4.3626333356617778E+01	  +8.7366611111111103E-01	  +9.5432923783649293E-01	  +4.3398777777777777E+00	  +4.4352850826654198E+00	  +3.8592911111111112E+00	
  +8.4999999999999998E-01	  +8.4999999999999998E-01	  +5.9912999999999997E+01	  +9.6649999999999991E+00	  +2.3271000000000001E+01	  +4.2072000000000003E+01	  +4.4185088649779161E+01	  +8.7265555555555552E-01	  +9.8551089250735302E-01	  +4.3370652777777776E+00	  +4.5408596601581808E+00	  +3.8601927777777778E+00	
  +8.6666666666666670E-01	  +8.6699999999999999E-01	  +5.7771999999999998E+01	  +9.6730000000000000E+00	  +2.3166000000000000E+01	  +4.2003999999999998E+01	  +4.3553891827746419E+01	  +8.8315500000000002E-01	  +9.3008307469431528E-01	  +4.3463799999999999E+00	  +4.4261526215662732E+00	  +3.8688544444444446E+00	
  +8.8333333333333330E-01	  +8.8300000000000001E-01	  +5.9417999999999999E+01	  +9.4809999999999999E+00	  +2.3361999999999998E+01	  +4.2116999999999997E+01	  +4.3884182912959787E+01	  +8.7196249999999997E-01	  +9.7533747419876426E-01	  +4.3282252777777783E+00	  +4.4561721089259221E+00	  +3.8500108333333336E+00	
  +9.0000000000000002E-01	  +9.0000000000000002E-01	  +5.9250000000000000E+01	  +9.6159999999999997E+00	  +2.3370000000000001E+01	  +4.2180999999999997E+01	  +4.4008508969942248E+01	  +8.8103250000000000E-01	  +9.6948339164607034E-01	  +4.3099277777777774E+00	  +4.4814667811242135E+00	  +3.8611786111111113E+00	
  +9.1666666666666663E-01	  +9.1700000000000004E-01	  +5.9911000000000001E+01	  +9.5899999999999999E+00	  +2.3427000000000000E+01	  +4.2226999999999997E+01	  +4.4177745677006861E+01	  +8.7588694444444448E-01	  +9.8847199095810667E-01	  +4.3233772222222218E+00	  +4.5060942832427076E+00	  +3.8580780555555556E+00	
  +9.3333333333333335E-01	  +9.3300000000000005E-01	  +6.0853000000000002E+01	  +9.6379999999999999E+00	  +2.3346000000000000E+01	  +4.2222999999999999E+01	  +4.4424439113546867E+01	  +8.8072638888888888E-01	  +1.0136729873777064E+00	  +4.3199825000000001E+00	  +4.5768842763222946E+00	  +3.8745577777777775E+00	
  +9.4999999999999996E-01	  +9.4999999999999996E-01	  +5.8387999999999998E+01	  +9.7189999999999994E+00	  +2.3219000000000001E+01	  +4.2067000000000000E+01	  +4.3811195217662430E+01	  +8.8123750000000001E-01	  +9.4525559074656451E-01	  +4.3351163888888893E+00	  +4.4707401622060576E+00	  +3.8701741666666667E+00	
  +9.6666666666666667E-01	  +9.6699999999999997E-01	  +5.9618000000000002E+01	  +9.6790000000000003E+00	  +2.3247000000000000E+01	  +4.2107999999999997E+01	  +4.4116379374966087E+01	  +8.6882944444444443E-01	  +9.7662336321297583E-01	  +4.3270963888888891E+00	  +4.5310446826495294E+00	  +3.8725883333333333E+00	
  +9.8333333333333328E-01	  +9.8299999999999998E-01	  +6.0531999999999996E+01	  +9.6359999999999992E+00	  +2.3381000000000000E+01	  +4.2170000000000002E+01	  +4.4362214233519069E+01	  +8.7245638888888888E-01	  +1.0049911068931290E+00	  +4.3242025000000002E+00	  +4.5559320998517050E+00	  +3.8565858333333334E+00	
  +1.0000000000000000E+00	  +1.0000000000000000E+00	  +6.0005000000000003E+01	  +9.5980000000000008E+00	  +2.3308000000000000E+01	  +4.2076000000000001E+01	  +4.4145095726036480E+01	  +8.8608277777777777E-01	  +9.8950248187246681E-01	  +4.3406230555555556E+00	  +4.5243090632723675E+00	  +3.8530805555555556E+00	
  +1.0166666666666666E+00	  +1.0169999999999999E+00	  +5.8957999999999998E+01	  +9.5969999999999995E+00	  +2.3213999999999999E+01	  +4.2072000000000003E+01	  +4.3817853541284336E+01	  +8.8214138888888882E-01	  +9.6059948673598627E-01	  +4.3312705555555553E+00	  +4.4732491791893239E+00	  +3.8722733333333332E+00	
  +1.0333333333333334E+00	  +1.0329999999999999E+00	  +5.9448999999999998E+01	  +9.6259999999999994E+00	  +2.3280000000000001E+01	  +4.2024000000000001E+01	  +4.4026010332572575E+01	  +8.8386222222222222E-01	  +9.7310983185714262E-01	  +4.3264016666666665E+00	  +4.5044067448979588E+00	  +3.8486830555555556E+00	
  +1.0500000000000000E+00	  +1.0500000000000000E+00	  +5.8459000000000003E+01	  +9.5549999999999997E+00	  +2.3283999999999999E+01	  +4.2146000000000001E+01	  +4.3667829665675519E+01	  +8.8305083333333334E-01	  +9.4972677906228387E-01	  +4.3273669444444449E+00	  +4.4257870595650024E+00	  +3.8724425000000000E+00	
  +1.0666666666666667E+00	  +1.0669999999999999E+00	  +5.9043999999999997E+01	  +9.6289999999999996E+00	  +2.3446999999999999E+01	  +4.2170000000000002E+01	  +4.4010439891511488E+01	  +8.8678749999999995E-01	  +9.6520795715951546E-01	  +4.3173880555555550E+00	  +4.4655095097097650E+00	  +3.8425777777777781E+00	
  +1.0833333333333333E+00	  +1.0830000000000000E+00	  +5.8997999999999998E+01	  +9.5999999999999996E+00	  +2.3408000000000001E+01	  +4.2246000000000002E+01	  +4.3940551579627851E+01	  +8.7850888888888889E-01	  +9.6398147822046465E-01	  +4.3285991666666668E+00	  +4.4586280747828537E+00	  +3.8659672222222223E+00	
  +1.1000000000000001E+00	  +1.1000000000000001E+00	  +5.8548000000000002E+01	  +9.5619999999999994E+00	  +2.3353999999999999E+01	  +4.2036000000000001E+01	  +4.3740138932071318E+01	  +8.8537555555555547E-01	  +9.5271984491764705E-01	  +4.3215291666666662E+00	  +4.4265963529411758E+00	  +3.8354949999999999E+00	
  +1.1166666666666667E+00	  +1.1170000000000000E+00	  +5.8752000000000002E+01	  +9.6880000000000006E+00	  +2.3216999999999999E+01	  +4.2048999999999999E+01	  +4.3873654322336392E+01	  +8.8305111111111112E-01	  +9.5449137512268922E-01	  +4.3372144444444443E+00	  +4.4847259153661465E+00	  +3.8670397222222226E+00	
  +1.1333333333333333E+00	  +1.1330000000000000E+00	  +5.9960999999999999E+01	  +9.6470000000000002E+00	  +2.3219000000000001E+01	  +4.2023000000000003E+01	  +4.4145930848452444E+01	  +8.8749500000000003E-01	  +9.8645741331800552E-01	  +4.3317391666666669E+00	  +4.5434141055363311E+00	  +3.8614369444444447E+00	
  +1.1499999999999999E+00	  +1.1499999999999999E+00	  +5.9576999999999998E+01	  +9.4809999999999999E+00	  +2.3154000000000000E+01	  +4.2014000000000003E+01	  +4.3810621712851052E+01	  +8.8214416666666673E-01	  +9.7677510808598633E-01	  +4.3391933333333332E+00	  +4.4844400842807719E+00	  +3.8734772222222222E+00	
  +1.1666666666666667E+00	  +1.1670000000000000E+00	  +5.8564999999999998E+01	  +9.5039999999999996E+00	  +2.3245999999999999E+01	  +4.2012000000000000E+01	  +4.3613588616314871E+01	  +8.8032805555555560E-01	  +9.5246004645378146E-01	  +4.3210102777777779E+00	  +4.4220942602040818E+00	  +3.8535441666666665E+00	
  +1.1833333333333333E+00	  +1.1830000000000001E+00	  +5.8070999999999998E+01	  +9.4830000000000005E+00	  +2.3358000000000001E+01	  +4.2094000000000001E+01	  +4.3515454572338150E+01	  +9.0333638888888890E-01	  +9.4197380364614414E-01	  +4.3225355555555556E+00	  +4.3769578223112777E+00	  +3.8463227777777780E+00	
  +1.2000000000000000E+00	  +1.2000000000000000E+00	  +6.0765000000000001E+01	  +9.6419999999999995E+00	  +2.3173999999999999E+01	  +4.2073999999999998E+01	  +4.4312935269106575E+01	  +8.7416861111111110E-01	  +1.0088214138929810E+00	  +4.3319972222222223E+00	  +4.5892381833910028E+00	  +3.8812236111111114E+00	
  +1.2166666666666666E+00	  +1.2170000000000001E+00	  +5.9475999999999999E+01	  +9.6500000000000004E+00	  +2.3135999999999999E+01	  +4.1944000000000003E+01	  +4.3983578634216862E+01	  +8.5954583333333323E-01	  +9.7167806996539818E-01	  +4.3202077777777781E+00	  +4.5258155898594721E+00	  +3.8633105555555556E+00	
  +1.2333333333333334E+00	  +1.2330000000000001E+00	  +5.7512999999999998E+01	  +9.5000000000000000E+00	  +2.3271999999999998E+01	  +4.2081000000000003E+01	  +4.3334013387339077E+01	  +8.8900527777777771E-01	  +9.2689583536826481E-01	  +4.3263438888888892E+00	  +4.3558616927123781E+00	  +3.8617569444444446E+00	
  +1.2500000000000000E+00	  +1.2500000000000000E+00	  +5.9722999999999999E+01	  +9.5109999999999992E+00	  +2.3283000000000001E+01	  +4.2061000000000000E+01	  +4.3954506669297160E+01	  +8.6599388888888884E-01	  +9.8228152776271616E-01	  +4.3270991666666667E+00	  +4.4882437441917942E+00	  +3.8555774999999999E+00	
  +1.2666666666666666E+00	  +1.2669999999999999E+00	  +5.8518999999999998E+01	  +9.4420000000000002E+00	  +2.3061000000000000E+01	  +4.1972999999999999E+01	  +4.3421596988853253E+01	  +8.6983138888888889E-01	  +9.4959456257540786E-01	  +4.3355772222222217E+00	  +4.4197708568692180E+00	  +3.8848936111111110E+00	
  +1.2833333333333334E+00	  +1.2829999999999999E+00	  +5.8484000000000002E+01	  +9.1609999999999996E+00	  +2.3137000000000000E+01	  +4.1936000000000000E+01	  +4.3112387927873449E+01	  +8.7033111111111117E-01	  +9.5290046335259537E-01	  +4.3213438888888884E+00	  +4.3364753598615913E+00	  +3.8614988888888893E+00	
  +1.3000000000000000E+00	  +1.3000000000000000E+00	  +5.8853999999999999E+01	  +9.5969999999999995E+00	  +2.3250000000000000E+01	  +4.1935000000000002E+01	  +4.3809130620076097E+01	  +8.7588666666666670E-01	  +9.5849808527310920E-01	  +4.3226366666666669E+00	  +4.4636984387755110E+00	  +3.8373602777777776E+00	
  +1.3166666666666667E+00	  +1.3169999999999999E+00	  +5.8939999999999998E+01	  +9.3350000000000009E+00	  +2.3300000000000001E+01	  +4.2075000000000003E+01	  +4.3539976191215125E+01	  +8.9142805555555560E-01	  +9.6455003979238751E-01	  +4.3165797222222224E+00	  +4.3946230103806228E+00	  +3.8546394444444441E+00	
  +1.3333333333333333E+00	  +1.3330000000000000E+00	  +6.1024000000000001E+01	  +9.6050000000000004E+00	  +2.3061000000000000E+01	  +4.1942000000000000E+01	  +4.4267965487361984E+01	  +8.7245083333333329E-01	  +1.0151315100261988E+00	  +4.3236688888888892E+00	  +4.6034960603064752E+00	  +3.8787313888888892E+00	
  +1.3500000000000001E+00	  +1.3500000000000001E+00	  +6.0375999999999998E+01	  +9.3719999999999999E+00	  +2.3167000000000002E+01	  +4.2012000000000000E+01	  +4.3876895317110893E+01	  +8.7881472222222223E-01	  +1.0011170919375185E+00	  +4.3285138888888888E+00	  +4.4960630835392967E+00	  +3.8702297222222222E+00	
  +1.3666666666666667E+00	  +1.3670000000000000E+00	  +5.9994000000000000E+01	  +9.5269999999999992E+00	  +2.3215000000000000E+01	  +4.2003000000000000E+01	  +4.4003042885719587E+01	  +8.7729888888888885E-01	  +9.8889711152706372E-01	  +4.3239094444444444E+00	  +4.5132425096391486E+00	  +3.8583388888888890E+00	
  +1.3833333333333333E+00	  +1.3830000000000000E+00	  +5.8959000000000003E+01	  +9.6250000000000000E+00	  +2.3172000000000001E+01	  +4.1938000000000002E+01	  +4.3829039944810241E+01	  +8.7861305555555558E-01	  +9.5976222223183405E-01	  +4.3247819444444442E+00	  +4.4846104273356406E+00	  +3.8546475000000000E+00	
  +1.3999999999999999E+00	  +1.3999999999999999E+00	  +5.8884999999999998E+01	  +9.5180000000000007E+00	  +2.3148000000000000E+01	  +4.1954000000000001E+01	  +4.3664164432405258E+01	  +8.6660611111111119E-01	  +9.5890390089174493E-01	  +4.3293074999999996E+00	  +4.4539212559141301E+00	  +3.8628730555555557E+00	
  +1.4166666666666667E+00	  +1.4170000000000000E+00	  +5.8564999999999998E+01	  +9.5099999999999998E+00	  +2.3111000000000001E+01	  +4.1920000000000002E+01	  +4.3545226348132438E+01	  +8.6922527777777769E-01	  +9.5063725389705889E-01	  +4.3221933333333338E+00	  +4.4359715943877545E+00	  +3.8638088888888888E+00	
  +1.4333333333333333E+00	  +1.4330000000000001E+00	  +5.9066000000000003E+01	  +9.4350000000000005E+00	  +2.3157000000000000E+01	  +4.1917999999999999E+01	  +4.3617400333950350E+01	  +8.6286388888888887E-01	  +9.6446903922058835E-01	  +4.3333433333333335E+00	  +4.4418546177706384E+00	  +3.8537452777777776E+00	
  +1.4500000000000000E+00	  +1.4500000000000000E+00	  +6.0055999999999997E+01	  +9.5210000000000008E+00	  +2.2960999999999999E+01	  +4.1825000000000003E+01	  +4.3870609488092434E+01	  +8.4824416666666669E-01	  +9.8731829007632232E-01	  +4.3326327777777776E+00	  +4.5385039515570931E+00	  +3.8768061111111112E+00	
  +1.4666666666666666E+00	  +1.4670000000000001E+00	  +5.9533000000000001E+01	  +9.5190000000000001E+00	  +2.3114000000000001E+01	  +4.1902999999999999E+01	  +4.3824680487081551E+01	  +8.7124361111111104E-01	  +9.7452343479112713E-01	  +4.3455291666666671E+00	  +4.4959989992585268E+00	  +3.8597700000000001E+00	
  +1.4833333333333334E+00	  +1.4830000000000001E+00	  +5.9637999999999998E+01	  +9.5169999999999995E+00	  +2.3016999999999999E+01	  +4.1828000000000003E+01	  +4.3794349279951234E+01	  +8.7860972222222222E-01	  +9.7625069325088998E-01	  +4.3204525000000000E+00	  +4.5100429802273849E+00	  +3.8655130555555557E+00	
  +1.5000000000000000E+00	  +1.5000000000000000E+00	  +5.9002000000000002E+01	  +9.4339999999999993E+00	  +2.3140999999999998E+01	  +4.1954999999999998E+01	  +4.3589664043194489E+01	  +8.8597888888888887E-01	  +9.6268338904216522E-01	  +4.3155863888888888E+00	  +4.4392367835075204E+00	  +3.8643894444444444E+00	
  +1.5166666666666666E+00	  +1.5169999999999999E+00	  +6.0365000000000002E+01	  +9.5269999999999992E+00	  +2.2963000000000001E+01	  +4.1813000000000002E+01	  +4.3954757642240189E+01	  +8.6609499999999995E-01	  +9.9603909796175227E-01	  +4.3345741666666671E+00	  +4.5563433798813637E+00	  +3.8739761111111113E+00	
  +1.5333333333333334E+00	  +1.5329999999999999E+00	  +5.9880000000000003E+01	  +9.4399999999999995E+00	  +2.2943000000000001E+01	  +4.1826999999999998E+01	  +4.3717295521516455E+01	  +8.7608583333333334E-01	  +9.8300117960454769E-01	  +4.3290227777777774E+00	  +4.5090544982698955E+00	  +3.8809411111111114E+00	
  +1.5500000000000000E+00	  +1.5500000000000000E+00	  +6.0116000000000000E+01	  +9.2699999999999996E+00	  +2.3190999999999999E+01	  +4.2420000000000002E+01	  +4.3700464921581698E+01	  +9.0363361111111118E-01	  +9.9534934179584789E-01	  +4.3619986111111109E+00	  +4.4526555758774098E+00	  +3.9464899999999998E+00	
  +1.5666666666666667E+00	  +1.5669999999999999E+00	  +5.8466000000000001E+01	  +9.4770000000000003E+00	  +2.3055000000000000E+01	  +4.1853000000000002E+01	  +4.3446214352764557E+01	  +8.6105361111111112E-01	  +9.4783029587605050E-01	  +4.3217113888888887E+00	  +4.4263910874761665E+00	  +3.8623602777777775E+00	
  +1.5833333333333333E+00	  +1.5830000000000000E+00	  +5.8095999999999997E+01	  +9.3379999999999992E+00	  +2.3064000000000000E+01	  +4.1893999999999998E+01	  +4.3180446881611125E+01	  +8.6740888888888890E-01	  +9.4028417222501226E-01	  +4.3354200000000001E+00	  +4.3667848814349259E+00	  +3.8687563888888885E+00	
  +1.6000000000000001E+00	  +1.6000000000000001E+00	  +5.8853999999999999E+01	  +9.2430000000000003E+00	  +2.3047999999999998E+01	  +4.1866999999999997E+01	  +4.3263364822834710E+01	  +8.7204916666666665E-01	  +9.5989552317478999E-01	  +4.3342258333333330E+00	  +4.3881887346938777E+00	  +3.8666705555555554E+00	
  +1.6166666666666667E+00	  +1.6170000000000000E+00	  +6.0457999999999998E+01	  +9.4000000000000004E+00	  +2.2824999999999999E+01	  +4.1787999999999997E+01	  +4.3742947643807803E+01	  +8.7487611111111119E-01	  +9.9817336103559073E-01	  +4.3477772222222217E+00	  +4.5397140632723678E+00	  +3.8982797222222225E+00	
  +1.6333333333333333E+00	  +1.6330000000000000E+00	  +6.0113999999999997E+01	  +9.1799999999999997E+00	  +2.2992999999999999E+01	  +4.2284999999999997E+01	  +4.3478880631048199E+01	  +9.4436611111111102E-01	  +9.9338404157390015E-01	  +4.4347658333333335E+00	  +4.4466709490855170E+00	  +3.9615258333333334E+00	
  +1.6499999999999999E+00	  +1.6499999999999999E+00	  +6.4123000000000005E+01	  +9.3490000000000002E+00	  +2.2827000000000002E+01	  +4.3012000000000000E+01	  +4.4567531770460221E+01	  +1.0157419444444444E+00	  +1.1027390419795975E+00	  +4.6609477777777775E+00	  +4.7182443774097873E+00	  +4.1411883333333330E+00	
  +1.6666666666666667E+00	  +1.6670000000000000E+00	  +6.8197000000000003E+01	  +9.4299999999999997E+00	  +2.2910000000000000E+01	  +4.4031999999999996E+01	  +4.5709602895056733E+01	  +1.1201250000000000E+00	  +1.2186448625815622E+00	  +4.8788011111111116E+00	  +4.9484879461196236E+00	  +4.3257619444444444E+00	
  +1.6833333333333333E+00	  +1.6830000000000001E+00	  +7.1298000000000002E+01	  +8.8879999999999999E+00	  +2.2952000000000002E+01	  +4.4930000000000000E+01	  +4.5723914420669253E+01	  +1.2030569444444446E+00	  +1.3166159845176475E+00	  +5.0432588888888885E+00	  +4.9426804033613445E+00	  +4.4942416666666665E+00	
  +1.7000000000000000E+00	  +1.7000000000000000E+00	  +7.5034999999999997E+01	  +9.1199999999999992E+00	  +2.3068999999999999E+01	  +4.5787999999999997E+01	  +4.6883979498177943E+01	  +1.3138858333333332E+00	  +1.4274508217993080E+00	  +5.2287275000000006E+00	  +5.1696705089771200E+00	  +4.6385099999999992E+00	
  +1.7166666666666666E+00	  +1.7170000000000001E+00	  +7.1305999999999997E+01	  +8.9390000000000001E+00	  +2.3629999999999999E+01	  +4.6505000000000003E+01	  +4.6170371969739094E+01	  +1.2226550000000000E+00	  +1.3298649230180424E+00	  +5.2137202777777780E+00	  +4.8957162486406327E+00	  +4.6608155555555557E+00	
  +1.7333333333333334E+00	  +1.7330000000000001E+00	  +7.1322000000000003E+01	  +8.9520000000000000E+00	  +2.3526000000000000E+01	  +4.6003000000000000E+01	  +4.6135269113652129E+01	  +1.2034641666666666E+00	  +1.3279779311159665E+00	  +5.1295674999999994E+00	  +4.9101660088976766E+00	  +4.5842975000000008E+00	
  +1.7500000000000000E+00	  +1.7500000000000000E+00	  +7.0424999999999997E+01	  +8.9900000000000002E+00	  +2.3721000000000000E+01	  +4.6189999999999998E+01	  +4.6083764505015452E+01	  +1.1979919444444445E+00	  +1.3054250441454525E+00	  +5.1302811111111106E+00	  +4.8575880004943155E+00	  +4.5797775000000005E+00	
  +1.7666666666666666E+00	  +1.7669999999999999E+00	  +6.7331000000000003E+01	  +9.0359999999999996E+00	  +2.3623000000000001E+01	  +4.6119000000000000E+01	  +4.5360025010575932E+01	  +1.1420416666666668E+00	  +1.2134547545957490E+00	  +5.1115594444444445E+00	  +4.7211977775580820E+00	  +4.5865183333333333E+00	
  +1.7833333333333334E+00	  +1.7829999999999999E+00	  +6.8183000000000007E+01	  +8.9680000000000000E+00	  +2.3736999999999998E+01	  +4.5643000000000001E+01	  +4.5532356039660876E+01	  +1.1469450000000001E+00	  +1.2413548009509148E+00	  +5.0024699999999998E+00	  +4.7344137844784990E+00	  +4.4689447222222221E+00	
  +1.8000000000000000E+00	  +1.8000000000000000E+00	  +7.0325000000000003E+01	  +9.0690000000000008E+00	  +2.3899999999999999E+01	  +4.6311000000000000E+01	  +4.6268498067759445E+01	  +1.2159930555555556E+00	  +1.3048057058823530E+00	  +5.1211477777777779E+00	  +4.8597207427088476E+00	  +4.5656038888888890E+00	
  +1.8166666666666667E+00	  +1.8169999999999999E+00	  +6.7912999999999997E+01	  +9.1029999999999998E+00	  +2.3513000000000002E+01	  +4.6180999999999997E+01	  +4.5528458257864216E+01	  +1.1540686111111111E+00	  +1.2270411313381981E+00	  +5.1162297222222222E+00	  +4.7811427600098853E+00	  +4.6217350000000001E+00	
  +1.8333333333333333E+00	  +1.8330000000000000E+00	  +6.8670000000000002E+01	  +9.0839999999999996E+00	  +2.3730000000000000E+01	  +4.5735999999999997E+01	  +4.5802193424004301E+01	  +1.1420213888888888E+00	  +1.2533541788235294E+00	  +5.0213983333333330E+00	  +4.7945146416213538E+00	  +4.4884588888888883E+00	
  +1.8500000000000001E+00	  +1.8500000000000001E+00	  +6.8125000000000000E+01	  +8.9139999999999997E+00	  +2.3597999999999999E+01	  +4.6201999999999998E+01	  +4.5368714809191076E+01	  +1.1677383333333333E+00	  +1.2378685732167571E+00	  +5.1478061111111106E+00	  +4.7283957612456744E+00	  +4.6079908333333330E+00	
  +1.8666666666666667E+00	  +1.8670000000000000E+00	  +6.8119000000000000E+01	  +9.1579999999999995E+00	  +2.3728999999999999E+01	  +4.5661999999999999E+01	  +4.5771168262980908E+01	  +1.1646025000000002E+00	  +1.2361973444399157E+00	  +5.0142761111111112E+00	  +4.7879877226890750E+00	  +4.4742108333333332E+00	
  +1.8833333333333333E+00	  +1.8830000000000000E+00	  +7.0798000000000002E+01	  +8.9410000000000007E+00	  +2.3629000000000001E+01	  +4.6216000000000001E+01	  +4.6052840195113937E+01	  +1.2169025000000000E+00	  +1.3151533083897924E+00	  +5.1329788888888883E+00	  +4.8704008981710336E+00	  +4.6043077777777786E+00	
  +1.8999999999999999E+00	  +1.8999999999999999E+00	  +7.0372000000000000E+01	  +8.7829999999999995E+00	  +2.3831000000000000E+01	  +4.6332000000000001E+01	  +4.5843393587230977E+01	  +1.2236336111111112E+00	  +1.3095971528224910E+00	  +5.1146519444444447E+00	  +4.7820168284725648E+00	  +4.5844005555555558E+00	
  +1.9166666666666667E+00	  +1.9170000000000000E+00	  +6.8415999999999997E+01	  +8.7620000000000005E+00	  +2.3840000000000000E+01	  +4.6360999999999997E+01	  +4.5363111117671238E+01	  +1.1841313888888887E+00	  +1.2535517925813151E+00	  +5.0951361111111115E+00	  +4.6757671023232827E+00	  +4.5882747222222227E+00	
  +1.9333333333333333E+00	  +1.9330000000000001E+00	  +6.7512000000000000E+01	  +9.1300000000000008E+00	  +2.3753000000000000E+01	  +4.5774000000000001E+01	  +4.5601481426367563E+01	  +1.1411436111111111E+00	  +1.2195912060069205E+00	  +5.0205619444444451E+00	  +4.7460309391992084E+00	  +4.4910558333333332E+00	
  +1.9500000000000000E+00	  +1.9500000000000000E+00	  +6.7397000000000006E+01	  +8.9220000000000006E+00	  +2.3664000000000001E+01	  +4.5719000000000001E+01	  +4.5244460649745399E+01	  +1.1273755555555556E+00	  +1.2180073725088483E+00	  +5.0289455555555556E+00	  +4.6873869110232329E+00	  +4.4992211111111109E+00	
  +1.9666666666666666E+00	  +1.9670000000000001E+00	  +6.8164000000000001E+01	  +9.0990000000000002E+00	  +2.3478999999999999E+01	  +4.5542999999999999E+01	  +4.5564105619294310E+01	  +1.1471238888888888E+00	  +1.2336783781537815E+00	  +5.0232963888888884E+00	  +4.7961046386554615E+00	  +4.5035913888888892E+00	
  +1.9833333333333334E+00	  +1.9830000000000001E+00	  +7.0344999999999999E+01	  +8.9990000000000006E+00	  +2.3480000000000000E+01	  +4.5920000000000002E+01	  +4.5944860503267591E+01	  +1.2000161111111112E+00	  +1.2981132244550175E+00	  +5.1621672222222221E+00	  +4.8785788717251597E+00	  +4.5774838888888887E+00	
  +2.0000000000000000E+00	  +2.0000000000000000E+00	  +7.0861000000000004E+01	  +9.0440000000000005E+00	  +2.3138999999999999E+01	  +4.5828000000000003E+01	  +4.5942558295514829E+01	  +1.1958955555555555E+00	  +1.3052943583813152E+00	  +5.1549027777777781E+00	  +4.9504552130499260E+00	  +4.6316741666666665E+00	
  +2.0166666666666666E+00	  +2.0169999999999999E+00	  +7.0539000000000001E+01	  +9.0909999999999993E+00	  +2.3661999999999999E+01	  +4.6189000000000000E+01	  +4.6219238775670235E+01	  +1.2114766666666665E+00	  +1.3058308326205883E+00	  +5.1326819444444443E+00	  +4.8995382197231834E+00	  +4.5918025000000000E+00	
  +2.0333333333333332E+00	  +2.0329999999999999E+00	  +7.0147999999999996E+01	  +8.9120000000000008E+00	  +2.3475000000000001E+01	  +4.5957000000000001E+01	  +4.5774547702173535E+01	  +1.1945411111111111E+00	  +1.2937861427731092E+00	  +5.1585202777777779E+00	  +4.8426544705882355E+00	  +4.5860061111111108E+00	
  +2.0499999999999998E+00	  +2.0499999999999998E+00	  +7.0472999999999999E+01	  +8.9250000000000007E+00	  +2.3491000000000000E+01	  +4.6067999999999998E+01	  +4.5877993330346634E+01	  +1.2184100000000000E+00	  +1.3032556223353311E+00	  +5.1492191666666667E+00	  +4.8617224728126551E+00	  +4.6041416666666670E+00	
  +2.0666666666666669E+00	  +2.0670000000000002E+00	  +7.1122000000000000E+01	  +8.6929999999999996E+00	  +2.3321000000000002E+01	  +4.6039999999999999E+01	  +4.5611559131748464E+01	  +1.2180055555555556E+00	  +1.3223821394056601E+00	  +5.1605813888888887E+00	  +4.8399586253089462E+00	  +4.6346313888888888E+00	
  +2.0833333333333335E+00	  +2.0830000000000002E+00	  +7.1082999999999998E+01	  +8.9559999999999995E+00	  +2.3439000000000000E+01	  +4.6057000000000002E+01	  +4.6036647904662928E+01	  +1.2119733333333333E+00	  +1.3192488962030648E+00	  +5.1538869444444444E+00	  +4.9072141927829955E+00	  +4.6130272222222226E+00	
  +2.1000000000000001E+00	  +2.1000000000000001E+00	  +7.0950999999999993E+01	  +9.0020000000000007E+00	  +2.3131000000000000E+01	  +4.5954000000000001E+01	  +4.5900631637670713E+01	  +1.1934408333333333E+00	  +1.3084123111436232E+00	  +5.1705247222222219E+00	  +4.9430511186356894E+00	  +4.6580283333333332E+00	
  +2.1166666666666667E+00	  +2.1170000000000000E+00	  +7.0959000000000003E+01	  +8.7520000000000007E+00	  +2.3129000000000001E+01	  +4.5869999999999997E+01	  +4.5550804181568402E+01	  +1.2140813888888891E+00	  +1.3127784857124571E+00	  +5.1680633333333326E+00	  +4.8675318052397438E+00	  +4.6418594444444441E+00	
  +2.1333333333333333E+00	  +2.1330000000000000E+00	  +7.0337000000000003E+01	  +8.9840000000000000E+00	  +2.3216999999999999E+01	  +4.6023000000000003E+01	  +4.5777435132170957E+01	  +1.1940819444444444E+00	  +1.2928381158832920E+00	  +5.1575249999999997E+00	  +4.8980520523974285E+00	  +4.6534827777777776E+00	
  +2.1499999999999999E+00	  +2.1499999999999999E+00	  +7.0447999999999993E+01	  +8.9290000000000003E+00	  +2.3398000000000000E+01	  +4.6156999999999996E+01	  +4.5826532498406436E+01	  +1.2006191666666668E+00	  +1.3005903067999998E+00	  +5.1499061111111111E+00	  +4.8702902857142867E+00	  +4.6414258333333338E+00	
  +2.1666666666666665E+00	  +2.1669999999999998E+00	  +7.0462000000000003E+01	  +8.6639999999999997E+00	  +2.3585000000000001E+01	  +4.6177000000000000E+01	  +4.5563132484173138E+01	  +1.2176011111111109E+00	  +1.3092049932560554E+00	  +5.1493441666666664E+00	  +4.7733823737024208E+00	  +4.6057544444444449E+00	
  +2.1833333333333331E+00	  +2.1829999999999998E+00	  +7.0519000000000005E+01	  +8.9190000000000005E+00	  +2.3253000000000000E+01	  +4.6070999999999998E+01	  +4.5749558583188239E+01	  +1.1963919444444446E+00	  +1.2998679187796960E+00	  +5.1715550000000006E+00	  +4.8843578826000984E+00	  +4.6551672222222216E+00	
  +2.2000000000000002E+00	  +2.2000000000000002E+00	  +7.0745000000000005E+01	  +8.6180000000000003E+00	  +2.3437999999999999E+01	  +4.6064000000000000E+01	  +4.5483475003883704E+01	  +1.2164983333333335E+00	  +1.3151526983339104E+00	  +5.1672113888888891E+00	  +4.7873017622343061E+00	  +4.6146124999999998E+00	
  +2.2166666666666668E+00	  +2.2170000000000001E+00	  +7.0686000000000007E+01	  +8.8629999999999995E+00	  +2.3199999999999999E+01	  +4.5945000000000000E+01	  +4.5681442621845335E+01	  +1.2197063888888890E+00	  +1.3045238067647060E+00	  +5.1859849999999996E+00	  +4.8808201764705883E+00	  +4.6417675000000003E+00	
  +2.2333333333333334E+00	  +2.2330000000000001E+00	  +7.0388999999999996E+01	  +8.5909999999999993E+00	  +2.3163000000000000E+01	  +4.5902999999999999E+01	  +4.5212191182636012E+01	  +1.2164983333333335E+00	  +1.2997290658875060E+00	  +5.1647222222222222E+00	  +4.7868017763222923E+00	  +4.6412783333333332E+00	
  +2.2500000000000000E+00	  +2.2500000000000000E+00	  +7.0385000000000005E+01	  +8.9049999999999994E+00	  +2.3297000000000001E+01	  +4.5959000000000003E+01	  +4.5722680712894729E+01	  +1.2083580555555555E+00	  +1.2971369969874571E+00	  +5.1545980555555557E+00	  +4.8691815682155202E+00	  +4.6238686111111109E+00	
  +2.2666666666666666E+00	  +2.2669999999999999E+00	  +7.0593000000000004E+01	  +8.9600000000000009E+00	  +2.3500000000000000E+01	  +4.6131999999999998E+01	  +4.5960096047717805E+01	  +1.2050402777777780E+00	  +1.3063100633712310E+00	  +5.1473616666666668E+00	  +4.8776420266930307E+00	  +4.6150616666666675E+00	
  +2.2833333333333332E+00	  +2.2829999999999999E+00	  +7.0429000000000002E+01	  +8.7889999999999997E+00	  +2.3626000000000001E+01	  +4.6234000000000002E+01	  +4.5752292241269281E+01	  +1.2212197222222221E+00	  +1.3069915654553388E+00	  +5.1386649999999996E+00	  +4.8057596769649020E+00	  +4.6084791666666671E+00	
  +2.2999999999999998E+00	  +2.2999999999999998E+00	  +7.0361000000000004E+01	  +8.8910000000000000E+00	  +2.3657000000000000E+01	  +4.6307000000000002E+01	  +4.5895539938563651E+01	  +1.2186061111111111E+00	  +1.3039467497551531E+00	  +5.1572258333333334E+00	  +4.8302908954522970E+00	  +4.6160738888888897E+00	
  +2.3166666666666669E+00	  +2.3170000000000002E+00	  +7.0760999999999996E+01	  +8.6750000000000007E+00	  +2.3646000000000001E+01	  +4.6259999999999998E+01	  +4.5681371122765789E+01	  +1.2214186111111112E+00	  +1.3188995444235048E+00	  +5.1648797222222216E+00	  +4.7861086443400875E+00	  +4.6093555555555552E+00	
  +2.3333333333333335E+00	  +2.3330000000000002E+00	  +7.0941000000000003E+01	  +8.8529999999999998E+00	  +2.3692000000000000E+01	  +4.6249000000000002E+01	  +4.5997871926763096E+01	  +1.1987077777777777E+00	  +1.3220428091529413E+00	  +5.1567013888888891E+00	  +4.8450873823529417E+00	  +4.5975169444444450E+00	
  +2.3500000000000001E+00	  +2.3500000000000001E+00	  +7.0771000000000001E+01	  +8.8590000000000000E+00	  +2.3893999999999998E+01	  +4.6445999999999998E+01	  +4.6077478316852520E+01	  +1.2338758333333335E+00	  +1.3211368336172271E+00	  +5.1425055555555561E+00	  +4.8194942058823518E+00	  +4.5935736111111112E+00	
  +2.3666666666666667E+00	  +2.3670000000000000E+00	  +6.8777000000000001E+01	  +8.8559999999999999E+00	  +2.3779000000000000E+01	  +4.6398000000000003E+01	  +4.5542401793548741E+01	  +1.1833024999999999E+00	  +1.2612096159523973E+00	  +5.1553513888888887E+00	  +4.7276746307464164E+00	  +4.6082400000000003E+00	
  +2.3833333333333333E+00	  +2.3830000000000000E+00	  +6.7751000000000005E+01	  +8.6479999999999997E+00	  +2.3652000000000001E+01	  +4.5633000000000003E+01	  +4.4950152310904144E+01	  +1.1515791666666668E+00	  +1.2324941514475534E+00	  +4.9996786111111113E+00	  +4.6260119189322779E+00	  +4.4848111111111111E+00	
  +2.3999999999999999E+00	  +2.3999999999999999E+00	  +6.7980999999999995E+01	  +8.9520000000000000E+00	  +2.3798999999999999E+01	  +4.5750000000000000E+01	  +4.5497050909681107E+01	  +1.1504736111111111E+00	  +1.2369863999939199E+00	  +5.0361436111111111E+00	  +4.7135744824518033E+00	  +4.4766755555555555E+00	
  +2.4166666666666665E+00	  +2.4169999999999998E+00	  +6.7849000000000004E+01	  +8.6809999999999992E+00	  +2.3736999999999998E+01	  +4.6226999999999997E+01	  +4.5064400395549917E+01	  +1.1779577777777779E+00	  +1.2364679413973434E+00	  +5.1045947222222221E+00	  +4.6327638895205139E+00	  +4.5837624999999997E+00	
  +2.4333333333333331E+00	  +2.4329999999999998E+00	  +6.8186000000000007E+01	  +8.9450000000000003E+00	  +2.3518000000000001E+01	  +4.5447000000000003E+01	  +4.5381224310404995E+01	  +1.1475627777777777E+00	  +1.2375641744421653E+00	  +5.0198208333333332E+00	  +4.7481056376668311E+00	  +4.4764941666666669E+00	
  +2.4500000000000002E+00	  +2.4500000000000002E+00	  +7.0331000000000003E+01	  +8.9260000000000002E+00	  +2.3568000000000001E+01	  +4.6087000000000003E+01	  +4.5888277575171450E+01	  +1.2052452777777778E+00	  +1.3007000982294610E+00	  +5.1370119444444438E+00	  +4.8476090899653981E+00	  +4.5919574999999995E+00	
  +2.4666666666666668E+00	  +2.4670000000000001E+00	  +7.0316000000000003E+01	  +8.8620000000000001E+00	  +2.3475999999999999E+01	  +4.6094000000000001E+01	  +4.5745024672960518E+01	  +1.2153891666666665E+00	  +1.2994787581793377E+00	  +5.1521788888888889E+00	  +4.8360308195748898E+00	  +4.6127166666666666E+00	
  +2.4833333333333334E+00	  +2.4830000000000001E+00	  +7.0826999999999998E+01	  +8.9499999999999993E+00	  +2.3298999999999999E+01	  +4.5927999999999997E+01	  +4.5890825268367749E+01	  +1.1983583333333334E+00	  +1.3091360914539052E+00	  +5.1379263888888884E+00	  +4.9052654844290648E+00	  +4.6174138888888887E+00	
  +2.5000000000000000E+00	  +2.5000000000000000E+00	  +7.0370000000000005E+01	  +8.8309999999999995E+00	  +2.3454000000000001E+01	  +4.5994999999999997E+01	  +4.5702402837326147E+01	  +1.2081561111111112E+00	  +1.3011066520264458E+00	  +5.1191997222222216E+00	  +4.8314460479485906E+00	  +4.5978397222222229E+00	
  +2.5166666666666666E+00	  +2.5169999999999999E+00	  +7.1025000000000006E+01	  +8.8800000000000008E+00	  +2.3465000000000000E+01	  +4.6064000000000000E+01	  +4.5930621936580266E+01	  +1.1966980555555555E+00	  +1.3193857317412263E+00	  +5.1596841666666666E+00	  +4.8786709095402871E+00	  +4.6088822222222214E+00	
  +2.5333333333333332E+00	  +2.5329999999999999E+00	  +7.1144999999999996E+01	  +8.7080000000000002E+00	  +2.3478999999999999E+01	  +4.6073999999999998E+01	  +4.5724897053475345E+01	  +1.2214188888888888E+00	  +1.3260236927142859E+00	  +5.1189422222222216E+00	  +4.8310228571428588E+00	  +4.6079699999999999E+00	
  +2.5499999999999998E+00	  +2.5499999999999998E+00	  +7.0747000000000000E+01	  +8.5320000000000000E+00	  +2.3571999999999999E+01	  +4.6177999999999997E+01	  +4.5437389751041465E+01	  +1.1975527777777777E+00	  +1.3193858828251108E+00	  +5.1279972222222225E+00	  +4.7488338240237269E+00	  +4.6088269444444441E+00	
  +2.5666666666666669E+00	  +2.5670000000000002E+00	  +7.0363000000000000E+01	  +8.6460000000000008E+00	  +2.3463999999999999E+01	  +4.6154000000000003E+01	  +4.5448521551734572E+01	  +1.2167958333333333E+00	  +1.3041879686672271E+00	  +5.1313416666666676E+00	  +4.7741895882352949E+00	  +4.6268502777777778E+00	
  +2.5833333333333335E+00	  +2.5830000000000002E+00	  +7.0347999999999999E+01	  +8.8640000000000008E+00	  +2.3266999999999999E+01	  +4.6078000000000003E+01	  +4.5640346034349434E+01	  +1.2145922222222223E+00	  +1.2961460299256549E+00	  +5.1804513888888888E+00	  +4.8576738596144340E+00	  +4.6534583333333339E+00	
  +2.6000000000000001E+00	  +2.6000000000000001E+00	  +7.0894999999999996E+01	  +8.8849999999999998E+00	  +2.3715000000000000E+01	  +4.6228000000000002E+01	  +4.6044555623176976E+01	  +1.1968624999999999E+00	  +1.3206437209419795E+00	  +5.1359505555555556E+00	  +4.8503449023727132E+00	  +4.5885913888888892E+00	
  +2.6166666666666667E+00	  +2.6170000000000000E+00	  +7.0691000000000003E+01	  +8.8019999999999996E+00	  +2.3270000000000000E+01	  +4.6036000000000001E+01	  +4.5635824162287946E+01	  +1.2169027777777779E+00	  +1.3071043752093430E+00	  +5.1652061111111109E+00	  +4.8560551571922890E+00	  +4.6446172222222222E+00	
  +2.6333333333333333E+00	  +2.6330000000000000E+00	  +7.0238000000000000E+01	  +8.6329999999999991E+00	  +2.3701000000000001E+01	  +4.6249000000000002E+01	  +4.5531942366699276E+01	  +1.2164983333333335E+00	  +1.3056080443946372E+00	  +5.1333944444444448E+00	  +4.7419705887296084E+00	  +4.5955438888888889E+00	
  +2.6499999999999999E+00	  +2.6499999999999999E+00	  +7.0441999999999993E+01	  +8.9939999999999998E+00	  +2.3670999999999999E+01	  +4.6311000000000000E+01	  +4.6065870926491819E+01	  +1.2251319444444446E+00	  +1.3048406415648544E+00	  +5.1620241666666669E+00	  +4.8643154780029656E+00	  +4.6139927777777778E+00	
  +2.6666666666666665E+00	  +2.6669999999999998E+00	  +7.1155000000000001E+01	  +8.5410000000000004E+00	  +2.3646000000000001E+01	  +4.6274999999999999E+01	  +4.5584506478555376E+01	  +1.2310661111111110E+00	  +1.3325413635025951E+00	  +5.1138808333333339E+00	  +4.7650695291646068E+00	  +4.6122747222222218E+00	
  +2.6833333333333331E+00	  +2.6829999999999998E+00	  +7.0307000000000002E+01	  +8.8750000000000000E+00	  +2.3515999999999998E+01	  +4.6182000000000002E+01	  +4.5783016079792276E+01	  +1.2037324999999999E+00	  +1.2998102188630749E+00	  +5.1585744444444437E+00	  +4.8357886616411276E+00	  +4.6212799999999996E+00	
  +2.7000000000000002E+00	  +2.7000000000000002E+00	  +7.1447000000000003E+01	  +8.9440000000000008E+00	  +2.3481999999999999E+01	  +4.6222000000000001E+01	  +4.6127746516453399E+01	  +1.2222272222222221E+00	  +1.3308619407612459E+00	  +5.1705172222222222E+00	  +4.9178708209441417E+00	  +4.6365352777777771E+00	
  +2.7166666666666668E+00	  +2.7170000000000001E+00	  +7.0307000000000002E+01	  +8.8439999999999994E+00	  +2.3443000000000001E+01	  +4.6040999999999997E+01	  +4.5699695818877693E+01	  +1.1922338888888890E+00	  +1.2988524717042016E+00	  +5.1290983333333333E+00	  +4.8331937478991582E+00	  +4.6090211111111108E+00	
  +2.7333333333333334E+00	  +2.7330000000000001E+00	  +7.0942999999999998E+01	  +8.8019999999999996E+00	  +2.3719999999999999E+01	  +4.6372000000000000E+01	  +4.5942265090275889E+01	  +1.2210172222222222E+00	  +1.3235298640054374E+00	  +5.1453811111111110E+00	  +4.8270641418685116E+00	  +4.6157027777777770E+00	
  +2.7500000000000000E+00	  +2.7500000000000000E+00	  +7.0646000000000001E+01	  +8.8409999999999993E+00	  +2.3382999999999999E+01	  +4.6162999999999997E+01	  +4.5741970527110162E+01	  +1.1985055555555555E+00	  +1.3074533531025461E+00	  +5.1639716666666660E+00	  +4.8551124611962431E+00	  +4.6458830555555553E+00	
  +2.7666666666666666E+00	  +2.7669999999999999E+00	  +7.0549999999999997E+01	  +8.8610000000000007E+00	  +2.3173999999999999E+01	  +4.5890999999999998E+01	  +4.5632418385952903E+01	  +1.1904638888888890E+00	  +1.3001214067857143E+00	  +5.1495719444444443E+00	  +4.8756964285714295E+00	  +4.6365191666666670E+00	
  +2.7833333333333332E+00	  +2.7829999999999999E+00	  +7.0808000000000007E+01	  +8.5619999999999994E+00	  +2.3273000000000000E+01	  +4.5914999999999999E+01	  +4.5328821195919346E+01	  +1.2123775000000001E+00	  +1.3145394211385075E+00	  +5.1600661111111110E+00	  +4.7887617271379135E+00	  +4.6203574999999999E+00	
  +2.7999999999999998E+00	  +2.7999999999999998E+00	  +7.0332999999999998E+01	  +8.8710000000000004E+00	  +2.3556000000000001E+01	  +4.6168999999999997E+01	  +4.5805554302302610E+01	  +1.1979022222222222E+00	  +1.3014341319912013E+00	  +5.1389133333333330E+00	  +4.8321907461690561E+00	  +4.6103680555555560E+00	
  +2.8166666666666669E+00	  +2.8170000000000002E+00	  +7.1787000000000006E+01	  +8.8699999999999992E+00	  +2.3699999999999999E+01	  +4.6228999999999999E+01	  +4.6211933376693054E+01	  +1.2056408333333333E+00	  +1.3466902418685123E+00	  +5.1521008333333329E+00	  +4.8898859203092986E+00	  +4.5918619444444451E+00	
  +2.8333333333333335E+00	  +2.8330000000000002E+00	  +7.0483999999999995E+01	  +8.6999999999999993E+00	  +2.3515999999999998E+01	  +4.6152999999999999E+01	  +4.5580476417992479E+01	  +1.2086583333333334E+00	  +1.3078362288877901E+00	  +5.1427583333333331E+00	  +4.7918025704399403E+00	  +4.6156261111111112E+00	
  +2.8500000000000001E+00	  +2.8500000000000001E+00	  +7.0417000000000002E+01	  +8.8789999999999996E+00	  +2.3558000000000000E+01	  +4.6219000000000001E+01	  +4.5837528592008930E+01	  +1.2155916666666666E+00	  +1.3037635659843549E+00	  +5.1519830555555552E+00	  +4.8387103457736025E+00	  +4.6198638888888883E+00	
  +2.8666666666666667E+00	  +2.8670000000000000E+00	  +7.0534000000000006E+01	  +8.7550000000000008E+00	  +2.3776000000000000E+01	  +4.6353999999999999E+01	  +4.5811888587965768E+01	  +1.2181066666666667E+00	  +1.3136382265017303E+00	  +5.1291941666666663E+00	  +4.7868524493326738E+00	  +4.6003313888888888E+00	
  +2.8833333333333333E+00	  +2.8830000000000000E+00	  +7.0576999999999998E+01	  +8.8030000000000008E+00	  +2.3152000000000001E+01	  +4.5939000000000000E+01	  +4.5545638807887244E+01	  +1.1938536111111111E+00	  +1.3014124790075632E+00	  +5.1818308333333336E+00	  +4.8615274599604543E+00	  +4.6505044444444446E+00	
  +2.8999999999999999E+00	  +2.8999999999999999E+00	  +7.0846999999999994E+01	  +8.5790000000000006E+00	  +2.2902000000000001E+01	  +4.5654000000000003E+01	  +4.5157383744224603E+01	  +1.1972036111111111E+00	  +1.3078043696918684E+00	  +5.1863933333333332E+00	  +4.8303315790904584E+00	  +4.6475813888888897E+00
